hs_code,pry_x_q,pry_x_unit,brz_m_q,brz_m_unit,pry_x_net_wgt,brz_m_net_wgt,pry_x_value,itic_rate,applied_tariff,adj_x_value,brz_m_value,trade_gap,est_tax_loss,wgt_gap,value_ratio,wgt_ratio,density_ratio
020130,21523200.0,kg,20859060.0,kg,21523200.0,20859060.0,124952910.87,1.01,9.6,126577298.71,120517874.0,6059424.71,581704.77,664140.0,0.95,0.97,0.98
020220,52442.3,kg,52443.0,kg,52442.3,52443.0,140419.43,1.01,8.0,141730.01,140643.0,1087.01,86.96,-0.7,0.99,1.0,0.99
020230,7425400.0,kg,7144609.0,kg,7425400.0,7144609.0,37709010.83,1.01,9.6,38060961.6,36218864.0,1842097.6,176841.37,280791.0,0.95,0.96,0.99
020622,2883500.0,kg,2692900.0,kg,2883500.0,2692900.0,3287412.18,1.03,8.0,3397540.49,3053319.0,344221.49,27537.72,190600.0,0.9,0.93,0.96
020629,1037276.0,kg,978823.0,kg,1037276.0,978823.0,2882343.42,1.03,8.0,2978901.92,2749729.0,229172.92,18333.83,58453.0,0.92,0.94,0.98
020649,100016.0,kg,75014.0,kg,100016.0,75014.0,92000.16,1.03,8.0,95082.17,68066.0,27016.17,2161.29,25002.0,0.72,0.75,0.95
040210,1100000.0,kg,1000000.0,kg,1100000.0,1000000.0,3530095.0,1.01,28.0,3570102.74,3306695.0,263407.74,73754.17,100000.0,0.93,0.91,1.02
040221,13750000.0,kg,13725000.0,kg,13750000.0,13725000.0,47044886.95,1.01,22.93,47578062.34,47860007.0,-281944.66,-64659.31,25000.0,1.01,1.0,1.01
050400,1688395.0,kg,1656059.0,kg,1688395.0,1656059.0,11584343.37,1.02,5.76,11808307.34,11407851.0,400456.34,23066.29,32336.0,0.97,0.98,0.98
051000,4120920.0,kg,4150934.0,kg,4120920.0,4150934.0,4827100.66,1.01,0.0,4890657.49,4639404.0,251253.49,0.0,-30014.0,0.95,1.01,0.94
051199,4759428.0,kg,4692471.0,kg,4759428.0,4692471.0,3124531.59,1.19,2.56,3716109.57,3045979.0,670130.57,17155.34,66957.0,0.82,0.99,0.83
060210,0.0,NR,0.0,NR,43.72,0.0,1.0,1.04,0.0,1.04,0.0,1.04,0.0,43.72,NMR,NMR,
071333,1749940.0,kg,1555009.0,kg,1749940.0,1555009.0,1529048.22,1.05,4.0,1612126.51,1353719.0,258407.51,10336.3,194931.0,0.84,0.89,0.94
080111,273437.0,kg,273437.0,kg,273437.0,273437.0,1008030.43,1.01,55.0,1018110.73,1008032.0,10078.73,5543.3,0.0,0.99,1.0,0.99
081400,106110.0,kg,106110.0,kg,106110.0,106110.0,169088.5,1.02,8.0,172357.54,167038.0,5319.54,425.56,0.0,0.97,1.0,0.97
090300,1342970.0,kg,1099929.0,kg,1342970.0,1099929.0,2018585.0,1.01,8.0,2046845.19,1652259.0,394586.19,31566.9,243041.0,0.81,0.82,0.99
100510,336946.0,kg,0.0,NR,336946.0,0.0,1991468.73,1.08,0.0,2145475.65,0.0,2145475.65,0.0,336946.0,NMR,NMR,
100590,1374160000.0,kg,1358283300.0,kg,1374160000.0,1358283300.0,269217462.59,1.08,6.4,290036946.36,268163875.0,21873071.36,1399876.57,15876700.0,0.92,0.99,0.94
100610,19778100.0,kg,20032460.0,kg,19778100.0,20032460.0,5803841.5,1.06,5.33,6140464.31,5872856.0,267608.31,14272.44,-254360.0,0.96,1.01,0.94
100620,300016300.0,kg,300029660.0,kg,300016300.0,300029660.0,124527789.8,1.06,8.0,131750401.61,122610940.0,9139461.61,731156.93,-13360.0,0.93,1.0,0.93
100630,338780500.0,kg,328369611.0,kg,338780500.0,328369611.0,179218920.5,1.06,8.8,189613617.89,173861856.0,15751761.89,1386155.05,10410889.0,0.92,0.97,0.95
100640,26865200.0,kg,26138670.0,kg,26865200.0,26138670.0,7983336.82,1.06,8.0,8446370.36,7834276.0,612094.36,48967.55,726530.0,0.93,0.97,0.95
110100,12561700.0,kg,12392975.0,kg,12561700.0,12392975.0,6601280.92,1.04,9.6,6892837.49,6511738.0,381099.49,36585.55,168725.0,0.94,0.99,0.96
110313,1.8,kg,0.0,NR,1.8,0.0,0.18,1.05,8.0,0.19,0.0,0.19,0.02,1.8,NMR,NMR,
110710,1.1,kg,0.0,NR,1.1,0.0,0.11,1.04,10.1,0.11,0.0,0.11,0.01,1.1,NMR,NMR,
110812,5711100.0,kg,5711100.0,kg,5711100.0,5711100.0,2485883.4,1.03,8.0,2550930.68,2485883.0,65047.68,5203.81,0.0,0.97,1.0,0.97
110814,518400.0,kg,518400.0,kg,518400.0,518400.0,202176.0,1.03,8.0,207466.27,202176.0,5290.27,423.22,0.0,0.97,1.0,0.97
120510,3347000.0,kg,3476800.0,kg,3347000.0,3476800.0,1229946.0,1.07,3.2,1310917.44,1416157.0,-105239.56,-3367.67,-129800.0,1.08,1.04,1.04
120590,3.0,kg,124530.0,kg,3.0,124530.0,10.0,1.07,3.2,10.66,102364.0,-102353.34,-3275.31,-124527.0,9604.13,41510.0,0.23
120730,840000.0,kg,840000.0,kg,840000.0,840000.0,551100.0,1.03,3.2,565887.85,551100.0,14787.85,473.21,0.0,0.97,1.0,0.97
120740,327500.0,kg,327500.0,kg,327500.0,327500.0,469174.1,1.03,3.2,481763.61,469174.0,12589.61,402.87,0.0,0.97,1.0,0.97
120799,456518.0,kg,419053.0,kg,456518.0,419053.0,1136681.25,1.03,3.2,1167182.2,1054263.0,112919.2,3613.41,37465.0,0.9,0.92,0.98
120890,9451.2,kg,6654.0,kg,9451.2,6654.0,32647.2,1.04,8.0,33887.79,25728.0,8159.79,652.78,2797.2,0.76,0.7,1.08
121299,88183.1,kg,138460.0,kg,88183.1,138460.0,181120.17,1.02,6.4,185557.61,289290.0,-103732.39,-6638.87,-50276.9,1.56,1.57,0.99
121300,8000.0,kg,8000.0,kg,8000.0,8000.0,160.0,1.23,6.4,197.52,160.0,37.52,2.4,0.0,0.81,1.0,0.81
130239,2001.8,kg,0.0,NR,2001.8,0.0,76376.0,1.04,7.2,79135.44,0.0,79135.44,5697.75,2001.8,NMR,NMR,
150710,13360600.0,kg,10845000.0,kg,13360600.0,10844450.0,9930122.69,1.05,8.0,10418353.72,10469984.0,-51630.28,-4130.42,2516150.0,1.0,0.81,1.24
150790,300000.0,kg,300000.0,kg,300000.0,300000.0,270000.0,1.05,9.07,283275.0,270000.0,13275.0,1203.6,0.0,0.95,1.0,0.95
151411,7970000.0,kg,7949770.0,kg,7970000.0,7949770.0,7910617.82,1.04,8.0,8236271.59,8421017.0,-184745.41,-14779.63,20230.0,1.02,1.0,1.03
151521,491776.0,kg,491776.0,kg,491776.0,491776.0,228969.52,1.03,8.0,235800.44,228957.0,6843.44,547.48,0.0,0.97,1.0,0.97
151590,104760.0,kg,78270.0,kg,104760.0,78270.0,225982.13,1.03,8.0,232723.93,198832.0,33891.93,2711.35,26490.0,0.85,0.75,1.14
151800,29750.0,kg,29750.0,kg,29750.0,29750.0,23205.0,1.04,8.0,24043.39,23205.0,838.39,67.07,0.0,0.97,1.0,0.97
152000,60000.0,kg,60000.0,kg,60000.0,60000.0,3150.0,1.04,7.2,3263.81,3150.0,113.81,8.19,0.0,0.97,1.0,0.97
152190,10.0,kg,0.0,NR,10.0,0.0,78.54,1.04,8.0,81.38,0.0,81.38,6.51,10.0,NMR,NMR,
170490,12.5,kg,0.0,NR,12.5,0.0,315.6,1.04,16.0,327.0,0.0,327.0,52.32,12.5,NMR,NMR,
180690,15.9,kg,0.0,NR,15.9,0.0,16236.12,1.02,16.0,16552.72,0.0,16552.72,2648.44,15.9,NMR,NMR,
190211,49.92,kg,0.0,NR,49.92,0.0,159.12,1.05,12.8,166.41,0.0,166.41,21.3,49.92,NMR,NMR,
190219,3000.0,kg,2980.0,kg,3000.0,2980.0,2400.0,1.05,12.8,2510.0,2400.0,110.0,14.08,20.0,0.96,0.99,0.96
190230,379.15,kg,0.0,NR,379.15,0.0,4790.7,1.05,12.8,5010.27,0.0,5010.27,641.32,379.15,NMR,NMR,
190531,45974.9,kg,0.0,NR,45974.9,0.0,63749.59,1.02,14.4,64843.96,0.0,64843.96,9337.53,45974.9,NMR,NMR,
190590,356506.0,kg,346667.0,kg,356506.0,346667.0,2322128.76,1.02,14.4,2361991.97,2258776.0,103215.97,14863.1,9839.0,0.96,0.97,0.98
200570,58400.0,kg,0.0,NR,58400.0,0.0,68100.0,1.07,11.2,72980.5,0.0,72980.5,8173.82,58400.0,NMR,NMR,
200891,5680.8,kg,5681.0,kg,5680.8,5681.0,23623.8,1.01,11.2,23926.97,23624.0,302.97,33.93,-0.2,0.99,1.0,0.99
200929,66300.0,kg,44200.0,kg,66300.0,44200.0,195630.03,1.02,11.2,200292.55,128210.0,72082.55,8073.25,22100.0,0.64,0.67,0.96
200990,812.81,kg,0.0,NR,812.81,0.0,2423.1,1.02,11.2,2480.85,0.0,2480.85,277.86,812.81,NMR,NMR,
210210,7728290.0,kg,7852476.0,kg,7728290.0,7852476.0,6865933.25,1.06,5.6,7265301.7,6939360.0,325941.7,18252.74,-124186.0,0.96,1.02,0.94
210230,458620.0,kg,473200.0,kg,458620.0,473200.0,893948.55,1.06,11.2,945946.56,922817.0,23129.56,2590.51,-14580.0,0.98,1.03,0.95
210690,607768.0,kg,592028.0,kg,607768.0,592028.0,1483624.76,1.04,12.6,1539013.42,1191818.0,347195.42,43746.62,15740.0,0.77,0.97,0.79
220110,63.0,m²,0.0,NR,63.0,0.0,90.3,1.11,16.0,100.31,0.0,100.31,16.05,63.0,NMR,NMR,
220300,435600.0,m²,435000.0,l,435600.0,435600.0,110620.5,1.16,16.0,128522.58,110620.0,17902.58,2864.41,0.0,0.86,1.0,0.86
220410,818.35,m²,0.0,NR,818.35,0.0,18926.79,1.04,16.0,19610.61,0.0,19610.61,3137.7,818.35,NMR,NMR,
220421,14694.0,m²,0.0,NR,14694.0,0.0,139295.67,1.04,27.0,144328.38,0.0,144328.38,38968.66,14694.0,NMR,NMR,
220710,38323642.81,m²,59011910.0,l,47566400.0,46628050.0,37557169.95,1.06,16.0,39660371.47,36653795.0,3006576.47,481052.23,938350.0,0.92,0.98,0.94
220830,738.55,m²,0.0,NR,683.16,0.0,8022.96,1.05,13.87,8450.85,0.0,8450.85,1171.85,683.16,NMR,NMR,
220840,623.62,m²,0.0,NR,576.85,0.0,8003.73,1.05,16.0,8430.6,0.0,8430.6,1348.9,576.85,NMR,NMR,
220850,5636.48,m²,0.0,NR,5213.74,0.0,43123.42,1.05,16.0,45423.34,0.0,45423.34,7267.73,5213.74,NMR,NMR,
220860,1941.64,m²,0.0,NR,1796.02,0.0,24608.1,1.05,16.0,25920.53,0.0,25920.53,4147.29,1796.02,NMR,NMR,
220870,4782.55,m²,0.0,NR,4423.86,0.0,55598.25,1.05,16.0,58563.49,0.0,58563.49,9370.16,4423.86,NMR,NMR,
220890,26474.92,m²,0.0,NR,24489.3,0.0,200249.17,1.05,16.0,210929.13,0.0,210929.13,33748.66,24489.3,NMR,NMR,
230110,93630.0,kg,153630.0,kg,93630.0,153630.0,29961.6,1.08,4.8,32323.57,50362.0,-18038.43,-865.84,-60000.0,1.56,1.64,0.95
230210,19800000.0,kg,19800000.0,kg,19800000.0,19800000.0,5005400.0,1.07,4.8,5351606.83,5005400.0,346206.83,16617.93,0.0,0.94,1.0,0.94
230250,7762570.0,kg,7762570.0,kg,7762570.0,7762570.0,975612.7,1.07,4.8,1043092.58,975613.0,67479.58,3239.02,0.0,0.94,1.0,0.94
230990,2508333.0,kg,2500332.0,kg,2508333.0,2500332.0,2341991.1,1.05,4.34,2459480.99,2302488.0,156992.99,6817.98,8001.0,0.94,1.0,0.94
240110,40514.6,kg,40500.0,kg,40514.6,40500.0,46618.92,1.05,10.56,48786.7,46575.0,2211.7,233.56,14.6,0.95,1.0,0.96
240120,283920.0,kg,283920.0,kg,283920.0,283920.0,709800.0,1.05,11.2,742805.7,709800.0,33005.7,3696.64,0.0,0.96,1.0,0.96
240399,854.76,kg,0.0,NR,854.76,0.0,21874.08,1.02,12.8,22235.0,0.0,22235.0,2846.08,854.76,NMR,NMR,
251200,1906500.0,kg,1379500.0,kg,1906500.0,1379500.0,322696.54,1.04,3.2,334355.47,212121.0,122234.47,3911.5,527000.0,0.63,0.72,0.88
261900,1497960.0,kg,1467960.0,kg,1497960.0,1467960.0,227890.8,1.2,3.2,272975.2,221891.0,51084.2,1634.69,30000.0,0.81,0.98,0.83
271019,18194.4,kg,0.0,NR,18194.4,0.0,46644.85,1.02,0.67,47795.42,0.0,47795.42,318.64,18194.4,NMR,NMR,
271600,9833311.26,1000 kWh,5674389.71,1000 kWh,0.0,0.0,1059498904.95,1.07,0.0,1132957495.69,1058352228.0,74605267.69,0.0,0.0,0.93,kWh,
280110,1804000.0,kg,1804000.0,kg,1804000.0,1804000.0,423940.0,1.08,6.4,459268.33,423940.0,35328.33,2261.01,0.0,0.92,1.0,0.92
280421,0.0,NR,0.0,NR,2.2,0.0,270.4,1.01,4.8,273.1,0.0,273.1,13.11,2.2,NMR,NMR,
280440,324166.08,u,554190.0,m³,759500.0,735000.0,103079.34,1.01,4.8,104110.13,99753.0,4357.13,209.14,24500.0,0.96,0.97,0.99
280610,918000.0,kg,918000.0,kg,918000.0,918000.0,181764.0,1.2,5.6,218904.44,181764.0,37140.44,2079.86,0.0,0.83,1.0,0.83
281122,750000.0,kg,750000.0,kg,750000.0,750000.0,55500.0,1.17,4.0,64805.5,55500.0,9305.5,372.22,0.0,0.86,1.0,0.86
281512,405000.0,kg,405000.0,kg,405000.0,405000.0,72846.0,1.13,6.4,82655.93,72846.0,9809.93,627.84,0.0,0.88,1.0,0.88
283510,1562.0,kg,0.0,NR,1562.0,0.0,5192.0,1.04,0.0,5379.59,0.0,5379.59,0.0,1562.0,NMR,NMR,
290611,58200.0,kg,58750.0,kg,58200.0,58750.0,1360937.0,1.01,9.6,1374773.19,1388082.0,-13308.81,-1277.65,-550.0,1.01,1.01,1.0
291615,26500.0,kg,25610.0,kg,26500.0,25610.0,30475.0,1.04,3.2,31576.05,29452.0,2124.05,67.97,890.0,0.93,0.97,0.97
293299,27000.0,kg,27000.0,kg,27000.0,27000.0,452491.2,1.01,5.4,457544.02,452124.0,5420.02,292.68,0.0,0.99,1.0,0.99
293339,46.2,kg,46.0,kg,46.2,46.0,10.0,1.04,4.47,10.39,10.0,0.39,0.02,0.2,0.96,1.0,0.97
293369,5.0,kg,0.0,NR,5.0,0.0,25.0,1.04,2.97,25.98,0.0,25.98,0.77,5.0,NMR,NMR,
293627,456.0,kg,0.0,NR,456.0,0.0,10898.28,1.04,0.0,11292.03,0.0,11292.03,0.0,456.0,NMR,NMR,
294190,0.01,kg,0.0,NR,0.01,0.0,1277.78,1.05,0.64,1341.67,0.0,1341.67,8.59,0.01,NMR,NMR,
300190,51.0,kg,0.0,NR,51.0,0.0,11.0,1.04,2.56,11.4,0.0,11.4,0.29,51.0,NMR,NMR,
300290,9.6,kg,11.0,kg,9.6,11.0,4.75,1.02,6.4,4.86,5.0,-0.14,-0.01,-1.4,1.03,1.15,0.9
300420,3200.39,kg,3521.0,kg,3200.39,3521.0,4740233.08,1.01,5.35,4786845.37,5214660.0,-427814.63,-22904.54,-320.61,1.09,1.1,0.99
300490,540.0,kg,0.0,NR,540.0,0.0,6750.0,1.01,8.28,6816.37,0.0,6816.37,564.44,540.0,NMR,NMR,
300510,13549.1,kg,13569.0,kg,13549.1,13569.0,354932.39,1.04,6.4,367755.99,354362.0,13393.99,857.22,-19.9,0.96,1.0,0.96
300590,3160.26,kg,3139.0,kg,3160.26,3139.0,377366.87,1.04,5.76,391001.02,374721.0,16280.02,937.73,21.26,0.96,0.99,0.96
310290,13025.0,kg,13025.0,kg,13025.0,13025.0,50000.0,1.0,0.0,50250.0,50000.0,250.0,0.0,0.0,1.0,1.0,1.0
310490,29650.0,kg,29650.0,kg,29650.0,29650.0,110000.0,1.01,2.4,110696.67,110000.0,696.67,16.72,0.0,0.99,1.0,0.99
310510,23306.9,kg,23306.0,kg,23306.9,23306.0,158235.75,1.01,4.8,159633.5,158236.0,1397.5,67.08,0.9,0.99,1.0,0.99
310520,66.03,kg,0.0,NR,66.03,0.0,168.23,1.01,0.0,169.72,0.0,169.72,0.0,66.03,NMR,NMR,
310559,1630.8,kg,0.0,NR,1630.8,0.0,3602.28,1.01,0.0,3634.1,0.0,3634.1,0.0,1630.8,NMR,NMR,
310590,66937.9,kg,51650.0,kg,66937.9,51650.0,250790.88,1.01,1.07,253006.2,211943.0,41063.2,438.01,15287.9,0.84,0.77,1.09
320417,862543.0,kg,861935.0,kg,862543.0,861935.0,1395346.5,1.05,11.2,1470695.21,1374570.0,96125.21,10766.02,608.0,0.93,1.0,0.94
320820,3308.0,kg,3308.0,kg,3308.0,3308.0,49620.0,1.01,8.4,50074.85,49620.0,454.85,38.21,0.0,0.99,1.0,0.99
320890,60.0,kg,0.0,NR,60.0,0.0,573.0,1.01,11.2,578.25,0.0,578.25,64.76,60.0,NMR,NMR,
321310,81604.6,kg,78038.0,kg,81604.6,78038.0,141704.26,1.04,11.2,146823.99,134599.0,12224.99,1369.2,3566.6,0.92,0.96,0.96
321490,2706.0,kg,0.0,NR,2706.0,0.0,3050.0,1.04,11.2,3166.92,0.0,3166.92,354.69,2706.0,NMR,NMR,
321511,9785.73,kg,11118.0,kg,9785.73,11118.0,200068.8,1.01,11.2,201902.76,228052.0,-26149.24,-2928.71,-1332.27,1.13,1.14,0.99
321519,40032.1,kg,45180.0,kg,40032.1,45180.0,841722.26,1.01,11.2,849438.05,967014.0,-117575.95,-13168.51,-5147.9,1.14,1.13,1.01
321590,985.81,kg,0.0,NR,985.81,0.0,12888.0,1.01,11.2,13006.14,0.0,13006.14,1456.69,985.81,NMR,NMR,
330112,7160.0,kg,7810.0,kg,7160.0,7810.0,364465.5,1.02,11.2,370296.95,398542.0,-28245.05,-3163.45,-650.0,1.08,1.09,0.99
330124,2610.0,kg,2610.0,kg,2610.0,2610.0,98743.0,1.02,11.2,100322.89,97928.0,2394.89,268.23,0.0,0.98,1.0,0.98
330125,90060.0,kg,90160.0,kg,90060.0,90160.0,1418066.6,1.02,3.2,1440755.67,1422862.0,17893.67,572.6,-100.0,0.99,1.0,0.99
330129,26992.4,kg,29266.0,kg,26992.4,29266.0,471369.85,1.02,8.27,478911.77,580334.0,-101422.23,-8384.24,-2273.6,1.21,1.08,1.12
330290,168.0,kg,178.23,kg,168.0,178.23,3420.0,1.04,8.4,3549.96,3704.0,-154.04,-12.94,-10.23,1.04,1.06,0.98
330300,3318.86,kg,0.0,NR,3318.86,0.0,280555.17,1.04,14.4,290691.54,0.0,290691.54,41859.58,3318.86,NMR,NMR,
330410,741.92,kg,0.0,NR,741.92,0.0,40345.03,1.17,14.4,47210.41,0.0,47210.41,6798.3,741.92,NMR,NMR,
330420,574.01,kg,0.0,NR,574.01,0.0,41238.23,1.17,14.4,48255.6,0.0,48255.6,6948.81,574.01,NMR,NMR,
330430,107.51,kg,0.0,NR,107.51,0.0,3221.44,1.17,14.4,3769.62,0.0,3769.62,542.83,107.51,NMR,NMR,
330491,310.64,kg,0.0,NR,310.64,0.0,19645.97,1.17,14.4,22989.06,0.0,22989.06,3310.42,310.64,NMR,NMR,
330499,5493.64,kg,0.0,NR,5493.64,0.0,188576.13,1.17,14.4,220665.5,0.0,220665.5,31775.83,5493.64,NMR,NMR,
330510,5340.55,kg,0.0,NR,5340.55,0.0,102127.74,1.02,14.4,104170.29,0.0,104170.29,15000.52,5340.55,NMR,NMR,
330590,7295.74,kg,0.0,NR,7295.74,0.0,179073.12,1.02,14.4,182654.58,0.0,182654.58,26302.26,7295.74,NMR,NMR,
330690,3.0,kg,0.0,NR,3.0,0.0,82.8,1.04,14.4,85.79,0.0,85.79,12.35,3.0,NMR,NMR,
330720,62.52,kg,0.0,NR,62.52,0.0,4667.12,1.04,14.4,4835.74,0.0,4835.74,696.35,62.52,NMR,NMR,
330749,6.1,kg,0.0,NR,6.1,0.0,221.8,1.04,14.4,229.81,0.0,229.81,33.09,6.1,NMR,NMR,
330790,4.01,kg,0.0,NR,4.01,0.0,138.98,1.04,14.4,144.0,0.0,144.0,20.74,4.01,NMR,NMR,
340111,3116600.0,kg,3141330.0,kg,3116600.0,3141330.0,8210148.0,1.08,14.4,8856012.98,8274844.0,581168.98,83688.33,-24730.0,0.93,1.01,0.93
340119,11.51,kg,0.0,NR,11.51,0.0,217.89,1.08,14.4,235.03,0.0,235.03,33.84,11.51,NMR,NMR,
340120,25340.0,kg,25340.0,kg,25340.0,25340.0,55748.0,1.08,14.4,60133.51,55748.0,4385.51,631.51,0.0,0.93,1.0,0.93
340130,252.75,kg,0.0,NR,252.75,0.0,5146.68,1.08,14.4,5551.55,0.0,5551.55,799.42,252.75,NMR,NMR,
340290,5.0,kg,0.0,NR,5.0,0.0,200.0,1.02,8.89,203.07,0.0,203.07,18.05,5.0,NMR,NMR,
340319,132.39,kg,0.0,NR,132.39,0.0,1162.2,1.04,11.2,1204.19,0.0,1204.19,134.87,132.39,NMR,NMR,
340399,11733.9,kg,0.0,NR,11733.9,0.0,66885.86,1.04,11.2,69302.43,0.0,69302.43,7761.87,11733.9,NMR,NMR,
340600,22649.1,kg,22649.0,kg,22649.1,22649.0,57075.81,1.02,12.8,57950.97,57076.0,874.97,112.0,0.1,0.98,1.0,0.98
340700,136061.0,kg,126056.0,kg,136061.0,126056.0,210916.72,1.04,12.8,218537.08,189005.0,29532.08,3780.11,10005.0,0.86,0.93,0.93
350300,22000.0,kg,22000.0,kg,22000.0,22000.0,162903.4,1.04,8.4,168789.05,162903.0,5886.05,494.43,0.0,0.97,1.0,0.97
350610,67837.4,kg,71842.0,kg,67837.4,71842.0,177051.84,1.05,12.8,185491.31,187036.0,-1544.69,-197.72,-4004.6,1.01,1.06,0.95
350691,37754.0,kg,37680.0,kg,37754.0,37680.0,57349.7,1.05,12.8,60083.37,57235.0,2848.37,364.59,74.0,0.95,1.0,0.95
350699,4055.0,kg,0.0,NR,4055.0,0.0,11771.4,1.05,12.8,12332.5,0.0,12332.5,1578.56,4055.0,NMR,NMR,
350790,3000.0,kg,0.0,NR,3000.0,0.0,122650.0,1.02,8.21,124796.37,0.0,124796.37,10249.94,3000.0,NMR,NMR,
380210,140000.0,kg,140000.0,kg,140000.0,140000.0,67860.0,1.04,9.6,70698.81,67860.0,2838.81,272.53,0.0,0.96,1.0,0.96
381400,10938.0,kg,12108.0,kg,10938.0,12108.0,146596.0,1.06,11.2,155782.68,155688.0,94.68,10.6,-1170.0,1.0,1.11,0.9
382319,30000.0,kg,0.0,NR,30000.0,0.0,3750.0,1.08,5.6,4060.0,0.0,4060.0,227.36,30000.0,NMR,NMR,
390110,422148.0,kg,523148.0,kg,422148.0,523148.0,53410.06,1.02,11.2,54620.69,58591.0,-3970.31,-444.67,-101000.0,1.07,1.24,0.87
390120,948365.0,kg,869365.0,kg,948365.0,869365.0,273436.61,1.02,5.6,279634.51,263765.0,15869.51,888.69,79000.0,0.94,0.92,1.03
390190,25000.0,kg,25000.0,kg,25000.0,25000.0,31250.0,1.02,5.6,31958.33,31650.0,308.33,17.27,0.0,0.99,1.0,0.99
390210,1750770.0,kg,1694770.0,kg,1750770.0,1694770.0,803118.6,1.05,11.2,844211.5,757196.0,87015.5,9745.74,56000.0,0.9,0.97,0.93
390311,5100.0,kg,5100.0,kg,5100.0,5100.0,510.0,1.18,11.2,603.16,510.0,93.16,10.43,0.0,0.85,1.0,0.85
390319,12000.0,kg,12000.0,kg,12000.0,12000.0,1800.0,1.18,11.2,2128.8,1800.0,328.8,36.83,0.0,0.85,1.0,0.85
390330,17875.0,kg,17875.0,kg,17875.0,17875.0,16623.75,1.18,5.6,19660.36,16624.0,3036.36,170.04,0.0,0.85,1.0,0.85
390422,1122170.0,kg,1117049.0,kg,1122170.0,1117049.0,1532826.89,1.01,11.2,1549177.04,1523634.0,25543.04,2860.82,5121.0,0.98,1.0,0.99
390430,7000.0,kg,7000.0,kg,7000.0,7000.0,5950.0,1.01,0.0,6013.47,5950.0,63.47,0.0,0.0,0.99,1.0,0.99
390799,6824.5,kg,6825.0,kg,6824.5,6825.0,682.45,1.03,3.73,703.72,682.0,21.72,0.81,-0.5,0.97,1.0,0.97
390810,360.0,kg,0.0,NR,360.0,0.0,5349.6,1.01,5.09,5397.75,0.0,5397.75,274.79,360.0,NMR,NMR,
391000,275010.25,kg,275010.0,kg,275010.25,275010.0,991600.0,1.03,7.0,1020025.87,991600.0,28425.87,1989.81,0.25,0.97,1.0,0.97
391530,20725.0,kg,42704.0,kg,20725.0,42704.0,15000.0,1.05,11.2,15815.0,23437.0,-7622.0,-853.66,-21979.0,1.48,2.06,0.72
391590,261874.0,kg,141505.0,kg,261874.0,141505.0,20779.99,1.05,11.2,21909.04,15049.0,6860.04,768.32,120369.0,0.69,0.54,1.27
391723,2.64,kg,1.0,kg,2.64,1.0,322.4,1.04,16.0,333.95,30.0,303.95,48.63,1.63,0.09,0.38,0.24
391729,420.0,kg,0.0,NR,420.0,0.0,3015.0,1.04,16.0,3123.04,0.0,3123.04,499.69,420.0,NMR,NMR,
391731,6.54,kg,8.41,kg,6.54,8.41,58.76,1.04,12.8,60.87,309.0,-248.13,-31.76,-1.88,5.08,1.29,3.94
391732,1124.39,kg,164.11,kg,1124.39,164.11,21158.74,1.04,11.2,21916.93,4072.0,17844.93,1998.63,960.28,0.19,0.15,1.27
391739,25.15,kg,124.0,kg,25.15,124.0,870.36,1.04,16.0,901.55,3861.0,-2959.45,-473.51,-98.85,4.28,4.93,0.87
391740,101007.0,kg,97035.0,kg,101007.0,97035.0,318350.18,1.04,8.0,329757.73,293700.0,36057.73,2884.62,3972.0,0.89,0.96,0.93
391890,134189.0,kg,79811.0,kg,134189.0,79811.0,593512.06,1.01,12.8,598457.99,343727.0,254730.99,32605.57,54378.0,0.57,0.59,0.97
391910,80584.46,kg,83706.19,kg,80584.46,83706.19,1049258.53,1.01,12.8,1059576.24,1038099.0,21477.24,2749.09,-3121.73,0.98,1.04,0.94
391990,1468.77,kg,157.65,kg,1468.77,157.65,8471.29,1.01,16.0,8554.59,547.0,8007.59,1281.21,1311.12,0.06,0.11,0.6
392010,44620.4,kg,56066.0,kg,44620.4,56066.0,75615.91,1.01,4.27,76586.31,83748.0,-7161.69,-305.57,-11445.6,1.09,1.26,0.87
392020,1446350.0,kg,1447641.0,kg,1446350.0,1447641.0,2440926.15,1.01,6.4,2472251.37,2440831.0,31420.37,2010.9,-1291.0,0.99,1.0,0.99
392030,824615.0,kg,823049.0,kg,824615.0,823049.0,1360740.2,1.01,16.0,1378203.03,1360741.0,17462.03,2793.93,1566.0,0.99,1.0,0.99
392043,49081.9,kg,31441.0,kg,49081.9,31441.0,72600.12,1.01,12.8,73531.82,46636.0,26895.82,3442.67,17640.9,0.63,0.64,0.99
392051,8.43,kg,0.0,NR,8.43,0.0,52.64,1.01,12.8,53.32,0.0,53.32,6.82,8.43,NMR,NMR,
392061,451.0,kg,0.0,NR,451.0,0.0,1080.0,1.01,12.8,1093.86,0.0,1093.86,140.01,451.0,NMR,NMR,
392062,540906.0,kg,540906.0,kg,540906.0,540906.0,847555.15,1.01,9.6,858432.11,847555.0,10877.11,1044.2,0.0,0.99,1.0,0.99
392099,170.52,kg,0.0,NR,170.52,0.0,1905.61,1.01,6.4,1930.07,0.0,1930.07,123.52,170.52,NMR,NMR,
392112,21516.8,kg,21517.0,kg,21516.8,21517.0,67066.76,1.0,12.8,67402.09,69186.0,-1783.91,-228.34,-0.2,1.03,1.0,1.03
392113,18.7,kg,0.0,NR,18.7,0.0,126.14,1.0,6.4,126.77,0.0,126.77,8.11,18.7,NMR,NMR,
392190,14129.42,kg,104.0,kg,14129.42,104.0,136259.18,1.0,6.4,136940.48,335.0,136605.48,8742.75,14025.42,NMR,0.01,0.33
392220,1578.96,kg,1579.0,kg,1578.96,1579.0,5904.6,1.06,14.4,6236.24,5905.0,331.24,47.7,-0.04,0.95,1.0,0.95
392310,271120.0,kg,26119.0,kg,271120.0,26119.0,232051.18,1.02,14.4,235996.05,43923.0,192073.05,27658.52,245001.0,0.19,0.1,1.93
392321,121903.09,kg,115627.0,kg,121903.09,115627.0,162432.74,1.02,14.4,165194.1,140492.0,24702.1,3557.1,6276.09,0.85,0.95,0.9
392329,15008.0,kg,2.48,kg,15008.0,2.48,26012.45,1.02,14.4,26454.66,1.0,26453.66,3809.33,15005.52,NMR,NMR,0.23
392330,21044200.0,kg,21346039.0,kg,21044200.0,21346039.0,36014337.24,1.02,9.0,36626580.97,36555868.0,70712.97,6364.17,-301839.0,1.0,1.01,0.98
392340,84746.0,kg,120.0,kg,84746.0,120.0,190486.51,1.02,14.4,193724.78,500.0,193224.78,27824.37,84626.0,NMR,NMR,1.82
392350,641399.0,kg,636116.0,kg,641399.0,636116.0,2503492.4,1.02,18.0,2546051.77,2474698.0,71353.77,12843.68,5283.0,0.97,0.99,0.98
392390,8908.32,kg,54665.0,kg,8908.32,54665.0,17518.24,1.02,14.4,17816.05,67223.0,-49406.95,-7114.6,-45756.68,3.77,6.14,0.61
392410,443709.0,kg,430119.0,kg,443709.0,430119.0,1746206.8,1.04,14.4,1814890.93,1695560.0,119330.93,17183.65,13590.0,0.93,0.97,0.96
392490,1108140.0,kg,1106971.0,kg,1108140.0,1106971.0,1980313.76,1.04,14.4,2058206.1,1981661.0,76545.1,11022.49,1169.0,0.96,1.0,0.96
392510,19991.6,kg,19992.0,kg,19991.6,19992.0,67991.6,1.04,14.4,70507.29,67992.0,2515.29,362.2,-0.4,0.96,1.0,0.96
392520,261.0,kg,0.0,NR,261.0,0.0,2385.12,1.04,14.4,2473.37,0.0,2473.37,356.17,261.0,NMR,NMR,
392590,15522.7,kg,15452.0,kg,15522.7,15452.0,46927.7,1.04,14.4,48664.02,46623.0,2041.02,293.91,70.7,0.96,1.0,0.96
392610,1.29,kg,0.0,NR,1.29,0.0,70.98,1.06,14.4,75.5,0.0,75.5,10.87,1.29,NMR,NMR,
392620,256190.0,kg,248113.0,kg,256190.0,248113.0,1238709.01,1.06,14.4,1317573.48,1250888.0,66685.48,9602.71,8077.0,0.95,0.97,0.98
392640,6849.72,kg,0.0,NR,6849.72,0.0,6946.02,1.06,14.4,7388.25,0.0,7388.25,1063.91,6849.72,NMR,NMR,
392690,105097.91,kg,44776.2,kg,105097.91,44776.2,409242.48,1.06,10.8,435297.58,241943.0,193354.58,20882.3,60321.72,0.56,0.43,1.3
400129,21.8,kg,0.0,NR,21.8,0.0,280.46,1.04,3.2,290.59,0.0,290.59,9.3,21.8,NMR,NMR,
400400,6750830.0,kg,6691270.0,kg,6750830.0,6691270.0,275649.4,1.04,9.6,285608.53,259714.0,25894.53,2485.87,59560.0,0.91,0.99,0.92
400922,17.86,kg,0.0,NR,17.86,0.0,2175.92,1.0,11.2,2184.62,0.0,2184.62,244.68,17.86,NMR,NMR,
400941,1.39,kg,0.0,NR,1.39,0.0,29.96,1.0,11.2,30.08,0.0,30.08,3.37,1.39,NMR,NMR,
401012,0.02,kg,0.0,NR,0.02,0.0,2.0,1.02,11.2,2.04,0.0,2.04,0.23,0.02,NMR,NMR,
401019,0.07,kg,0.0,NR,0.07,0.0,1.8,1.02,11.2,1.83,0.0,1.83,0.21,0.07,NMR,NMR,
401031,706.19,kg,0.0,NR,706.19,0.0,8373.98,1.02,11.2,8533.09,0.0,8533.09,955.71,706.19,NMR,NMR,
401039,1.29,kg,3.09,kg,1.29,3.09,2968.83,1.02,11.2,3025.24,36.0,2989.24,334.79,-1.8,0.01,2.4,0.0
401110,8507.69,u,0.0,NR,226591.0,0.0,600799.28,1.04,16.0,622505.97,0.0,622505.97,99600.96,226591.0,NMR,NMR,
401120,579.77,u,0.0,NR,38357.8,0.0,103065.0,1.04,16.0,106788.71,0.0,106788.71,17086.19,38357.8,NMR,NMR,
401130,33.73,u,0.0,NR,410.0,0.0,43394.23,1.04,0.0,44962.05,0.0,44962.05,0.0,410.0,NMR,NMR,
401390,0.0,NR,140190.0,u,62467.0,62257.0,97050.4,1.02,16.0,98603.21,92449.0,6154.21,984.67,210.0,0.94,1.0,0.94
401490,0.3,kg,0.0,NR,0.3,0.0,189.36,1.04,12.8,196.2,0.0,196.2,25.11,0.3,NMR,NMR,
401519,1.0,kg,0.0,NR,1.0,0.0,23.5,1.04,12.8,24.35,0.0,24.35,3.12,1.0,NMR,NMR,
401610,8.72,kg,17.0,kg,8.72,17.0,363.5,1.07,14.4,389.97,364.0,25.97,3.74,-8.28,0.93,1.95,0.48
401692,1.38,kg,0.0,NR,1.38,0.0,22.25,1.07,12.8,23.87,0.0,23.87,3.06,1.38,NMR,NMR,
401693,3741.3,kg,3725.42,kg,3741.3,3725.42,23688.12,1.07,16.0,25413.4,34723.0,-9309.6,-1489.54,15.88,1.37,1.0,1.37
401699,2225.42,kg,142.0,kg,2225.42,142.0,89566.82,1.07,8.0,96090.27,8841.0,87249.27,6979.94,2083.42,0.09,0.06,1.44
410150,74570.0,kg,74570.0,kg,74570.0,74570.0,5450.52,1.21,0.0,6606.03,5451.0,1155.03,0.0,0.0,0.83,1.0,0.83
410411,1719077.0,kg,1727913.0,kg,1719077.0,1727913.0,1587710.18,1.03,6.4,1636929.2,1558495.0,78434.2,5019.79,-8836.0,0.95,1.01,0.95
410419,218069.0,kg,165548.0,kg,218069.0,165548.0,65072.25,1.03,6.4,67089.49,124055.0,-56965.51,-3645.79,52521.0,1.85,0.76,2.44
410712,827.9,kg,0.0,NR,827.9,0.0,4468.26,1.01,7.47,4517.41,0.0,4517.41,337.3,827.9,NMR,NMR,
410799,53393.0,kg,53393.0,kg,53393.0,53393.0,230903.04,1.01,8.0,233442.97,230903.0,2539.97,203.2,0.0,0.99,1.0,0.99
420100,41.23,kg,41.0,kg,41.23,41.0,3311.22,1.04,16.0,3430.85,3311.0,119.85,19.18,0.23,0.97,0.99,0.97
420212,0.0,NR,3498.0,u,18921.43,11301.0,153754.88,1.01,16.0,155215.55,76873.0,78342.55,12534.81,7620.43,0.5,0.6,0.83
420221,0.0,NR,0.0,NR,128.91,0.0,18249.94,1.01,16.0,18423.31,0.0,18423.31,2947.73,128.91,NMR,NMR,
420222,0.0,NR,0.0,NR,3081.34,0.0,39059.63,1.01,35.0,39430.7,0.0,39430.7,13800.74,3081.34,NMR,NMR,
420229,0.0,NR,0.0,NR,7.4,0.0,670.0,1.01,16.0,676.36,0.0,676.36,108.22,7.4,NMR,NMR,
420231,17.14,kg,0.0,NR,17.14,0.0,2604.94,1.01,16.0,2629.69,0.0,2629.69,420.75,17.14,NMR,NMR,
420232,36.46,kg,0.0,NR,36.46,0.0,3818.55,1.01,16.0,3854.83,0.0,3854.83,616.77,36.46,NMR,NMR,
420239,16.0,kg,0.0,NR,16.0,0.0,455.37,1.01,16.0,459.7,0.0,459.7,73.55,16.0,NMR,NMR,
420292,154.31,kg,19.0,kg,154.31,19.0,10643.78,1.01,35.0,10744.9,1331.0,9413.9,3294.86,135.31,0.12,0.12,1.01
420299,911.99,kg,898.0,kg,911.99,898.0,3952.9,1.01,16.0,3990.45,2473.0,1517.45,242.79,13.99,0.62,0.98,0.63
420321,15.0,kg,15.0,kg,15.0,15.0,30.0,1.02,16.0,30.49,30.0,0.49,0.08,0.0,0.98,1.0,0.98
420330,151.7,kg,0.0,NR,151.7,0.0,316.22,1.02,16.0,321.38,0.0,321.38,51.42,151.7,NMR,NMR,
440399,272.28,u,273.0,m³,299204.0,331204.0,26656.0,1.04,0.0,27788.88,29136.0,-1347.12,-0.0,-32000.0,1.05,1.11,0.95
440729,311.74,u,251.0,m³,218003.6,215150.0,47809.65,1.03,4.8,49459.08,47810.0,1649.08,79.16,2853.6,0.97,0.99,0.98
440799,836.82,u,851.0,m³,585189.0,588042.0,377022.22,1.03,4.8,390029.49,377022.0,13007.49,624.36,-2853.0,0.97,1.0,0.96
440839,98629.0,kg,97719.0,kg,98629.0,97719.0,28986.5,1.04,5.6,30189.44,28447.0,1742.44,97.58,910.0,0.94,0.99,0.95
440890,2180740.0,kg,2052292.0,kg,2180740.0,2052292.0,1197123.18,1.04,6.4,1246803.79,1136535.0,110268.79,7057.2,128448.0,0.91,0.94,0.97
440910,348.0,kg,348.0,kg,348.0,348.0,84.0,1.06,8.0,88.69,84.0,4.69,0.38,0.0,0.95,1.0,0.95
441299,48119.0,kg,48119.0,kg,48119.0,48119.0,23917.5,1.04,8.0,24830.35,23920.0,910.35,72.83,0.0,0.96,1.0,0.96
441700,11779.8,kg,11782.0,kg,11779.8,11782.0,16963.53,1.02,8.0,17365.0,16962.0,403.0,32.24,-2.2,0.98,1.0,0.98
470790,2062000.0,kg,2055900.0,kg,2062000.0,2055900.0,147220.0,1.06,0.0,156126.81,146793.0,9333.81,0.0,6100.0,0.94,1.0,0.94
480254,0.4,kg,0.0,NR,0.4,0.0,2.6,1.06,7.47,2.75,0.0,2.75,0.21,0.4,NMR,NMR,
480256,0.4,kg,0.0,NR,0.4,0.0,4.0,1.06,9.28,4.24,0.0,4.24,0.39,0.4,NMR,NMR,
480261,144238.0,kg,0.0,NR,144238.0,0.0,100966.6,1.06,9.2,106974.11,0.0,106974.11,9841.62,144238.0,NMR,NMR,
480592,25391400.0,kg,24466530.0,kg,25391400.0,24466530.0,20816043.87,1.06,9.6,22078883.86,20972714.0,1106169.86,106192.31,924870.0,0.95,0.96,0.99
481159,1.8,kg,0.0,NR,1.8,0.0,48.95,1.01,10.13,49.29,0.0,49.29,4.99,1.8,NMR,NMR,
481310,351666.0,kg,351666.0,kg,351666.0,351666.0,732300.0,1.02,9.6,748776.75,746520.0,2256.75,216.65,0.0,1.0,1.0,1.0
481320,13350.0,kg,0.0,NR,13350.0,0.0,48930.0,1.02,9.6,50030.92,0.0,50030.92,4802.97,13350.0,NMR,NMR,
481820,32.32,kg,0.0,NR,32.32,0.0,800.0,1.08,12.8,864.8,0.0,864.8,110.69,32.32,NMR,NMR,
481910,3637.17,kg,2431.0,kg,3637.17,2431.0,3559.81,1.06,12.8,3757.38,2692.0,1065.38,136.37,1206.17,0.72,0.67,1.07
481920,3396.83,kg,2390.0,kg,3396.83,2390.0,10828.2,1.06,12.8,11429.17,7439.0,3990.17,510.74,1006.83,0.65,0.7,0.93
481930,10.0,kg,0.0,NR,10.0,0.0,89.0,1.06,12.8,93.94,0.0,93.94,12.02,10.0,NMR,NMR,
481940,64.0,kg,0.0,NR,64.0,0.0,100.0,1.06,12.8,105.55,0.0,105.55,13.51,64.0,NMR,NMR,
482010,686.5,kg,0.0,NR,686.5,0.0,570.6,1.02,12.8,579.44,0.0,579.44,74.17,686.5,NMR,NMR,
482030,5.0,kg,0.0,NR,5.0,0.0,19.75,1.02,12.8,20.06,0.0,20.06,2.57,5.0,NMR,NMR,
482090,1.5,kg,0.0,NR,1.5,0.0,75.2,1.02,12.8,76.37,0.0,76.37,9.77,1.5,NMR,NMR,
482110,24039.3,kg,24024.0,kg,24039.3,24024.0,133135.77,1.02,12.8,135354.7,131321.0,4033.7,516.31,15.3,0.97,1.0,0.97
482190,30.97,kg,10.04,kg,30.97,10.04,50.49,1.02,12.8,51.33,0.0,51.33,6.57,20.93,NMR,0.32,0.0
490199,10.0,kg,0.0,NR,10.0,0.0,36.0,1.02,0.0,36.7,0.0,36.7,0.0,10.0,NMR,NMR,
490300,50.36,kg,0.0,NR,50.36,0.0,1119.05,1.04,12.8,1159.48,0.0,1159.48,148.41,50.36,NMR,NMR,
491199,231.7,kg,0.0,NR,231.7,0.0,489.15,1.01,12.8,495.1,0.0,495.1,63.37,231.7,NMR,NMR,
520100,24557.0,kg,0.0,NR,24557.0,24557.0,44934.84,1.02,4.8,45998.3,44935.0,1063.3,51.04,0.0,0.98,1.0,0.98
520829,629.71,kg,0.0,NR,629.71,0.0,13144.0,1.01,26.0,13253.53,0.0,13253.53,3445.92,629.71,NMR,NMR,
520839,114.1,kg,0.0,NR,114.1,0.0,1338.2,1.01,26.0,1349.35,0.0,1349.35,350.83,114.1,NMR,NMR,
520922,7669.3,kg,4185.0,kg,7669.3,4185.0,54445.04,1.01,26.0,55116.53,29851.0,25265.53,6569.04,3484.3,0.54,0.55,0.99
520929,17102.2,kg,0.0,NR,17102.2,0.0,141087.51,1.01,26.0,142827.59,0.0,142827.59,37135.17,17102.2,NMR,NMR,
520932,16442.2,kg,16443.0,kg,16442.2,16443.0,124786.82,1.01,26.0,126325.86,124787.0,1538.86,400.1,-0.8,0.99,1.0,0.99
520939,94.95,kg,0.0,NR,94.95,0.0,875.43,1.01,26.0,886.23,0.0,886.23,230.42,94.95,NMR,NMR,
520942,17119.7,kg,0.0,NR,17119.7,0.0,125990.94,1.01,26.0,127544.83,0.0,127544.83,33161.66,17119.7,NMR,NMR,
521049,1547.0,kg,0.0,NR,1547.0,0.0,14649.55,1.0,26.0,14708.15,0.0,14708.15,3824.12,1547.0,NMR,NMR,
521139,4167.0,kg,0.0,NR,4167.0,0.0,41530.37,1.06,26.0,44084.49,0.0,44084.49,11461.97,4167.0,NMR,NMR,
530929,1083.82,kg,1084.0,kg,1083.82,1084.0,14660.8,1.04,26.0,15190.49,14661.0,529.49,137.67,-0.18,0.97,1.0,0.96
540110,4.0,kg,0.0,NR,4.0,0.0,47.52,1.01,16.8,48.07,0.0,48.07,8.08,4.0,NMR,NMR,
540333,193438.0,kg,0.0,NR,193438.0,0.0,317470.06,1.04,18.0,328940.15,0.0,328940.15,59209.23,193438.0,NMR,NMR,
540490,149.6,kg,0.0,NR,149.6,0.0,4080.0,1.01,18.0,4107.2,0.0,4107.2,739.3,149.6,NMR,NMR,
540710,625561.0,kg,625561.0,kg,625561.0,625561.0,2526281.21,1.02,13.0,2574280.55,2526282.0,47998.55,6239.81,0.0,0.98,1.0,0.98
540720,3450720.0,kg,3450716.0,kg,3450720.0,3450716.0,6587354.39,1.02,26.0,6712514.12,6595417.0,117097.12,30445.25,4.0,0.98,1.0,0.98
540741,9.1,kg,0.0,NR,9.1,0.0,323.6,1.02,26.0,329.75,0.0,329.75,85.73,9.1,NMR,NMR,
540742,102.5,kg,0.0,NR,102.5,0.0,1589.66,1.02,26.0,1619.86,0.0,1619.86,421.16,102.5,NMR,NMR,
540761,1048.5,kg,0.0,NR,1048.5,0.0,2700.0,1.02,26.0,2751.3,0.0,2751.3,715.34,1048.5,NMR,NMR,
540792,97.5,kg,0.0,NR,97.5,0.0,649.64,1.02,26.0,661.98,0.0,661.98,172.12,97.5,NMR,NMR,
550320,170962.0,kg,170962.0,kg,170962.0,170962.0,68384.8,1.04,6.4,70855.52,68385.0,2470.52,158.11,0.0,0.97,1.0,0.97
550390,143550.0,kg,143550.0,kg,143550.0,143550.0,523957.5,1.04,4.27,542887.92,530943.0,11944.92,509.65,0.0,0.98,1.0,0.98
551011,70319.2,kg,0.0,NR,70319.2,0.0,193098.62,1.0,18.0,194064.11,0.0,194064.11,34931.54,70319.2,NMR,NMR,
551511,21437.8,kg,21438.0,kg,21437.8,21438.0,55418.24,1.02,26.0,56618.97,55418.0,1200.97,312.25,-0.2,0.98,1.0,0.98
560122,557295.0,kg,485056.0,kg,557295.0,485056.0,4076826.02,1.01,10.8,4136619.47,3826423.0,310196.47,33501.22,72239.0,0.93,0.87,1.06
560311,1246005.1,kg,1217988.0,kg,1246005.1,1217988.0,2366268.16,1.01,20.2,2391113.98,2315384.0,75729.98,15297.46,28017.1,0.97,0.98,0.99
560312,4239642.4,kg,4240917.0,kg,4239642.4,4240917.0,8022411.73,1.01,21.0,8106647.05,8034945.0,71702.05,15057.43,-1274.6,0.99,1.0,0.99
560313,1064390.8,kg,1044778.0,kg,1064390.8,1044778.0,2072651.98,1.01,21.0,2094414.83,2033692.0,60722.83,12751.79,19612.8,0.97,0.98,0.99
560314,119443.73,kg,116297.0,kg,119443.73,116297.0,244485.09,1.01,20.0,247052.18,234888.0,12164.18,2432.84,3146.73,0.95,0.97,0.98
560392,464094.0,kg,417027.0,kg,464094.0,417027.0,1095911.03,1.01,25.2,1107418.1,985554.0,121864.1,30709.75,47067.0,0.89,0.9,0.99
560393,93145.4,kg,96510.0,kg,93145.4,96510.0,192286.98,1.01,25.2,194305.99,208489.0,-14183.01,-3574.12,-3364.6,1.07,1.04,1.04
560490,2020.38,kg,2017.0,kg,2020.38,2017.0,9154.06,1.04,10.8,9484.79,9326.0,158.79,17.15,3.38,0.98,1.0,0.98
560749,103466.0,kg,103538.0,kg,103466.0,103538.0,448018.04,1.01,14.4,452423.55,452079.0,344.55,49.62,-72.0,1.0,1.0,1.0
560750,213024.0,kg,212352.0,kg,213024.0,212352.0,628543.66,1.01,14.4,634724.34,626439.0,8285.34,1193.09,672.0,0.99,1.0,0.99
560900,12503.5,kg,12504.0,kg,12503.5,12504.0,30290.53,1.02,14.4,30810.52,30290.0,520.52,74.95,-0.5,0.98,1.0,0.98
570500,1240646.82,m²,4006933.0,m²,2170830.0,2102946.0,10196667.45,1.01,35.0,10256148.01,9965733.0,290415.01,101645.25,67884.0,0.97,0.97,1.0
580610,93.5,kg,0.0,NR,93.5,0.0,2592.93,1.01,26.0,2629.23,0.0,2629.23,683.6,93.5,NMR,NMR,
580620,26287.5,kg,26248.0,kg,26287.5,26248.0,172600.24,1.01,26.0,175016.64,172346.0,2670.64,694.37,39.5,0.98,1.0,0.99
580632,112242.0,kg,136374.0,kg,112242.0,136374.0,216279.88,1.01,26.0,219307.8,266844.0,-47536.2,-12359.41,-24132.0,1.22,1.21,1.0
580639,269710.0,kg,244730.0,kg,269710.0,244730.0,524222.49,1.01,26.0,531561.6,474331.0,57230.6,14879.96,24980.0,0.89,0.91,0.98
580710,8.3,kg,0.0,NR,8.3,0.0,424.96,1.0,26.0,426.23,0.0,426.23,110.82,8.3,NMR,NMR,
581091,79.7,kg,0.0,NR,79.7,0.0,3961.5,1.0,26.0,3981.31,0.0,3981.31,1035.14,79.7,NMR,NMR,
581092,210.8,kg,0.0,NR,210.8,0.0,4637.75,1.0,26.0,4660.94,0.0,4660.94,1211.84,210.8,NMR,NMR,
581100,76639.5,kg,76641.0,kg,76639.5,76641.0,298323.04,1.01,26.0,301704.03,298323.0,3381.03,879.07,-1.5,0.99,1.0,0.99
590190,83.9,kg,84.0,kg,83.9,84.0,375.0,1.01,12.8,379.87,375.0,4.87,0.62,-0.1,0.99,1.0,0.99
590310,266402.0,kg,270712.0,kg,266402.0,270712.0,496854.93,1.02,26.0,504473.37,516182.0,-11708.63,-3044.24,-4310.0,1.02,1.02,1.01
590320,298450.0,kg,294144.0,kg,298450.0,294144.0,1317091.22,1.02,26.0,1337286.62,1297715.0,39571.62,10288.62,4306.0,0.97,0.99,0.98
590610,3.0,kg,3.0,kg,3.0,3.0,250.0,1.01,12.8,252.25,250.0,2.25,0.29,0.0,0.99,1.0,0.99
590900,114.7,kg,91.37,kg,114.7,91.37,3895.64,1.06,12.8,4146.91,1382.0,2764.91,353.91,23.33,0.33,0.8,0.42
591110,5936.15,kg,0.0,NR,5936.15,0.0,23018.59,1.06,12.8,24346.0,0.0,24346.0,3116.29,5936.15,NMR,NMR,
600110,114341.0,kg,112762.0,kg,114341.0,112762.0,286829.2,1.06,26.0,303991.15,283114.0,20877.15,5428.06,1579.0,0.93,0.99,0.94
600410,1645619.1,kg,1641791.0,kg,1645619.1,1641791.0,10276186.51,1.01,26.0,10365246.79,10160012.0,205234.79,53361.05,3828.1,0.98,1.0,0.98
600621,16346.0,kg,16346.0,kg,16346.0,16346.0,143721.54,1.01,26.0,144775.5,143638.0,1137.5,295.75,0.0,0.99,1.0,0.99
600622,139689.0,kg,139690.0,kg,139689.0,139690.0,646601.19,1.01,26.0,651342.93,642560.0,8782.93,2283.56,-1.0,0.99,1.0,0.99
600623,19930.8,kg,19932.0,kg,19930.8,19932.0,100005.1,1.01,26.0,100738.47,98677.0,2061.47,535.98,-1.2,0.98,1.0,0.98
600631,42177.8,kg,43760.0,kg,42177.8,43760.0,97353.55,1.01,26.0,98067.48,101088.0,-3020.52,-785.34,-1582.2,1.03,1.04,0.99
600632,119573.0,kg,119547.0,kg,119573.0,119547.0,358819.43,1.01,26.0,361450.77,358668.0,2782.77,723.52,26.0,0.99,1.0,0.99
600641,424719.0,kg,426869.0,kg,424719.0,426869.0,2531726.95,1.01,26.0,2550292.95,2520703.0,29589.95,7693.39,-2150.0,0.99,1.01,0.98
600642,1794400.0,kg,1780303.0,kg,1794400.0,1780303.0,10608107.48,1.01,26.0,10685900.27,10419547.0,266353.27,69251.85,14097.0,0.98,0.99,0.98
600643,122659.0,kg,122659.0,kg,122659.0,122659.0,756605.07,1.01,26.0,762153.51,747383.0,14770.51,3840.33,0.0,0.98,1.0,0.98
610130,2303.16,u,8131.0,u,3205.88,3204.0,67069.88,1.0,35.0,67338.16,67070.0,268.16,93.86,1.88,1.0,1.0,1.0
610210,0.0,NR,4898.0,u,3244.14,3244.0,46328.79,1.0,35.0,46506.38,46329.0,177.38,62.08,0.14,1.0,1.0,1.0
610220,214.57,u,1147.0,u,609.56,610.0,5140.0,1.0,35.0,5159.7,5140.0,19.7,6.9,-0.44,1.0,1.0,1.0
610230,111782.45,u,496712.0,u,180546.0,180905.0,2554816.44,1.0,35.0,2564609.9,2554818.0,9791.9,3427.17,-359.0,1.0,1.0,0.99
610342,1231.18,u,3226.0,u,439.58,495.0,13243.32,1.0,35.0,13300.71,15307.0,-2006.29,-702.2,-55.42,1.15,1.13,1.02
610429,0.0,NR,1200.0,u,729.92,730.0,6809.35,1.01,35.0,6846.8,6809.0,37.8,13.23,-0.08,0.99,1.0,0.99
610433,308.97,u,828.0,u,312.7,313.0,6541.2,1.01,35.0,6577.18,6541.0,36.18,12.66,-0.3,0.99,1.0,0.99
610442,37283.97,u,58006.0,u,16376.6,10814.0,398112.34,1.01,35.0,400301.96,318215.0,82086.96,28730.44,5562.6,0.79,0.66,1.2
610443,34561.5,u,137664.0,u,31446.9,34610.0,490886.77,1.01,35.0,493586.65,566798.0,-73211.35,-25623.97,-3163.1,1.15,1.1,1.04
610444,4550.41,u,21605.0,u,4503.18,4747.0,95593.51,1.01,35.0,96119.27,99579.0,-3459.73,-1210.9,-243.82,1.04,1.05,0.98
610453,11788.27,u,26772.0,u,8576.39,6472.0,101991.61,1.01,35.0,102552.56,91448.0,11104.56,3886.6,2104.39,0.89,0.75,1.18
610459,17624.49,u,44559.0,u,14265.3,15291.0,251551.84,1.01,35.0,252935.38,262095.0,-9159.62,-3205.87,-1025.7,1.04,1.07,0.97
610462,1393.33,u,7167.0,u,889.32,889.0,11032.65,1.01,35.0,11093.33,11032.0,61.33,21.47,0.32,0.99,1.0,0.99
610463,268152.85,u,830600.0,u,201407.0,202149.0,2695734.14,1.01,35.0,2710560.68,2699124.0,11436.68,4002.84,-742.0,1.0,1.0,0.99
610469,15429.2,u,45652.0,u,8438.22,8480.0,189743.67,1.01,35.0,190787.26,190915.0,-127.74,-44.71,-41.78,1.0,1.0,1.0
610510,18872.31,u,100884.0,u,17140.7,17141.0,272386.8,1.0,35.0,273703.34,272387.0,1316.34,460.72,-0.3,1.0,1.0,1.0
610610,82009.22,u,322032.0,u,32753.5,32753.0,738049.92,1.0,35.0,741248.14,738051.0,3197.14,1119.0,0.5,1.0,1.0,1.0
610620,544777.62,u,2065453.0,u,263821.0,269010.0,5590065.92,1.0,35.0,5614289.54,5712618.0,-98328.46,-34414.96,-5189.0,1.02,1.02,1.0
610711,25962.75,u,0.0,NR,7874.62,0.0,97154.01,1.0,35.0,97558.82,0.0,97558.82,34145.59,7874.62,NMR,NMR,
610712,2021614.22,u,19349260.0,u,1009570.0,951010.0,9253397.42,1.0,35.0,9291953.24,8845496.0,446457.24,156260.03,58560.0,0.95,0.94,1.01
610821,191957.18,u,288000.0,u,15732.6,7652.0,384192.0,1.04,35.0,397766.78,192096.0,205670.78,71984.77,8080.6,0.48,0.49,0.99
610822,1614231.4,u,8356800.0,u,202265.0,195399.0,4564820.4,1.04,35.0,4726110.72,4410956.0,315154.72,110304.15,6866.0,0.93,0.97,0.97
610831,818.65,u,1713.0,u,341.16,341.0,4543.57,1.04,35.0,4704.11,4544.0,160.11,56.04,0.16,0.97,1.0,0.97
610832,527.04,u,822.0,u,282.86,283.0,3537.69,1.04,35.0,3662.69,3538.0,124.69,43.64,-0.14,0.97,1.0,0.97
610839,1238.42,u,1516.0,u,571.55,572.0,6363.34,1.04,35.0,6588.18,6363.0,225.18,78.81,-0.45,0.97,1.0,0.97
610892,2424.91,u,4696.0,u,2286.41,2286.0,16982.4,1.04,35.0,17582.44,16982.0,600.44,210.16,0.41,0.97,1.0,0.97
610910,1045.83,u,658.0,u,240.96,108.0,6821.45,1.01,35.0,6857.83,2324.0,4533.83,1586.84,132.96,0.34,0.45,0.76
610990,77371.1,u,376081.0,u,51335.9,51343.0,674470.16,1.01,35.0,678067.33,674469.0,3598.33,1259.42,-7.1,0.99,1.0,0.99
611030,9229.5,u,18530.0,u,7303.85,7304.0,129562.49,1.03,35.0,133708.49,129562.0,4146.49,1451.27,-0.15,0.97,1.0,0.97
611120,336.5,kg,337.0,kg,336.5,337.0,15020.15,1.0,35.0,15092.75,15020.0,72.75,25.46,-0.5,1.0,1.0,0.99
611190,538.78,kg,539.0,kg,538.78,539.0,18961.41,1.0,35.0,19053.06,18961.0,92.06,32.22,-0.22,1.0,1.0,0.99
611231,3121.33,u,5214.0,u,2187.5,2187.0,23991.2,1.03,35.0,24622.97,23992.0,630.97,220.84,0.5,0.97,1.0,0.97
611692,1.5,kg,0.0,NR,1.5,0.0,25.6,1.04,35.0,26.52,0.0,26.52,9.28,1.5,NMR,NMR,
611780,79.44,kg,0.0,NR,79.44,0.0,55.5,1.04,35.0,57.51,0.0,57.51,20.13,79.44,NMR,NMR,
620332,0.0,NR,5227.0,u,5931.85,5932.0,70083.53,1.01,35.0,71088.06,69400.0,1688.06,590.82,-0.15,0.98,1.0,0.98
620342,275626.08,u,824697.0,u,324380.0,323429.0,5607844.67,1.01,35.0,5688223.78,5847115.0,-158891.22,-55611.93,951.0,1.03,1.0,1.03
620343,14668.71,u,339201.0,u,20401.0,20422.0,394950.63,1.01,35.0,400611.59,394950.0,5661.59,1981.56,-21.0,0.99,1.0,0.98
620349,1257.8,u,5005.0,u,980.72,981.0,35085.05,1.01,35.0,35587.94,35084.0,503.94,176.38,-0.28,0.99,1.0,0.99
620422,597.99,u,997.0,u,543.18,544.0,4852.05,1.01,35.0,4901.38,4852.0,49.38,17.28,-0.82,0.99,1.0,0.99
620429,0.0,NR,624.0,u,1060.2,330.0,9679.75,1.01,35.0,9778.16,2870.0,6908.16,2417.86,730.2,0.29,0.31,0.94
620432,0.0,NR,2481.0,u,1723.7,1493.0,24324.7,1.01,35.0,24572.0,21389.0,3183.0,1114.05,230.7,0.87,0.87,1.0
620433,643.96,u,4737.0,u,484.68,485.0,20899.72,1.01,35.0,21112.2,20900.0,212.2,74.27,-0.32,0.99,1.0,0.99
620439,55.52,u,565.0,u,135.9,136.0,2933.6,1.01,35.0,2963.42,2934.0,29.42,10.3,-0.1,0.99,1.0,0.99
620442,0.0,NR,70417.0,u,18367.3,18200.0,398282.74,1.01,35.0,402331.95,393943.0,8388.95,2936.13,167.3,0.98,0.99,0.99
620443,15799.14,u,98144.0,u,24530.3,24782.0,469310.71,1.01,35.0,474082.04,479317.0,-5234.96,-1832.24,-251.7,1.01,1.01,1.0
620444,179714.66,u,564196.0,u,162893.0,161258.0,4276463.16,1.01,35.0,4319940.54,4314459.0,5481.54,1918.54,1635.0,1.0,0.99,1.01
620449,0.0,NR,3093.0,u,1253.06,1254.0,18182.9,1.01,35.0,18367.76,18182.0,185.76,65.02,-0.94,0.99,1.0,0.99
620452,17894.27,u,43063.0,u,19655.9,19672.0,283248.5,1.01,35.0,286128.19,282859.0,3269.19,1144.22,-16.1,0.99,1.0,0.99
620453,5577.7,u,25138.0,u,3901.53,3901.0,80256.26,1.01,35.0,81072.2,80256.0,816.2,285.67,0.53,0.99,1.0,0.99
620459,0.0,NR,18365.0,u,4822.88,4824.0,131976.12,1.01,35.0,133317.88,131976.0,1341.88,469.66,-1.12,0.99,1.0,0.99
620462,359256.5,u,973476.0,u,402369.0,397188.0,6150368.89,1.01,35.0,6212897.64,6113206.0,99691.64,34892.07,5181.0,0.98,0.99,1.0
620463,54524.19,u,362991.0,u,55787.8,54781.0,945680.36,1.01,35.0,955294.78,932788.0,22506.78,7877.37,1006.8,0.98,0.98,0.99
620469,146879.79,u,426279.0,u,118111.0,118043.0,2837664.76,1.01,35.0,2866514.35,2852510.0,14004.35,4901.52,68.0,1.0,1.0,1.0
620520,25513.39,u,70757.0,u,10140.5,10198.0,493634.66,1.01,35.0,497336.92,503387.0,-6050.08,-2117.53,-57.5,1.01,1.01,1.01
620530,32405.1,u,80785.0,u,12747.8,14220.0,423239.27,1.01,35.0,426413.56,487703.0,-61289.44,-21451.3,-1472.2,1.14,1.12,1.03
620590,0.0,NR,24316.0,u,2851.12,3676.0,148915.52,1.01,35.0,150032.39,210705.0,-60672.61,-21235.41,-824.88,1.4,1.29,1.09
620630,26040.28,u,65086.0,u,13747.9,11152.0,461286.72,1.01,35.0,463746.92,393494.0,70252.92,24588.52,2595.9,0.85,0.81,1.05
620640,427565.7,u,1076427.0,u,174536.0,172799.0,5569094.04,1.01,35.0,5598795.87,5486673.0,112122.87,39243.01,1737.0,0.98,0.99,0.99
620690,724.3,u,3010.0,u,545.95,546.0,13544.21,1.01,35.0,13616.45,13544.0,72.45,25.36,-0.05,0.99,1.0,0.99
620821,573.69,u,0.0,NR,341.16,0.0,4543.57,1.0,35.0,4560.99,0.0,4560.99,1596.35,341.16,NMR,NMR,
620822,3664.39,u,4591.0,u,2144.63,1861.0,22685.2,1.0,35.0,22772.16,19147.0,3625.16,1268.81,283.63,0.84,0.87,0.97
620829,0.0,NR,0.0,NR,571.55,0.0,6363.34,1.0,35.0,6387.73,0.0,6387.73,2235.71,571.55,NMR,NMR,
620920,3467.86,kg,3316.0,kg,3467.86,3316.0,139608.93,1.01,35.0,140446.58,135264.0,5182.58,1813.9,151.86,0.96,0.96,1.01
620930,176.88,kg,177.0,kg,176.88,177.0,12881.12,1.01,35.0,12958.41,12881.0,77.41,27.09,-0.12,0.99,1.0,0.99
620990,960.6,kg,822.0,kg,960.6,822.0,35675.07,1.01,35.0,35889.12,29696.0,6193.12,2167.59,138.61,0.83,0.86,0.97
621010,371668.0,kg,372106.0,kg,371668.0,372106.0,1407441.49,1.02,35.0,1440516.37,1416655.0,23861.37,8351.48,-438.0,0.98,1.0,0.98
621143,143.05,kg,994.0,kg,143.05,994.0,2186.69,1.02,35.0,2231.15,35553.0,-33321.85,-11662.65,-850.95,15.93,6.95,2.29
621210,1.08,kg,0.0,NR,1.08,0.0,38.64,1.01,35.0,38.95,0.0,38.95,13.63,1.08,NMR,NMR,
621710,46.86,kg,0.0,NR,46.86,0.0,4758.0,1.02,35.0,4860.3,0.0,4860.3,1701.1,46.86,NMR,NMR,
630140,9997020.0,kg,9881177.0,kg,9997020.0,9881177.0,34919300.2,1.01,35.0,35122996.12,34500009.0,622987.12,218045.49,115843.0,0.98,0.99,0.99
630210,16203.8,kg,28447.0,kg,16203.8,28447.0,82401.78,1.01,35.0,83129.66,148089.0,-64959.34,-22735.77,-12243.2,1.78,1.76,1.01
630221,537949.0,kg,526114.0,kg,537949.0,526114.0,4613385.09,1.01,35.0,4654136.66,4519057.0,135079.66,47277.88,11835.0,0.97,0.98,0.99
630222,741135.0,kg,724701.0,kg,741135.0,724701.0,3240452.31,1.01,35.0,3269076.31,3174170.0,94906.31,33217.21,16434.0,0.97,0.98,0.99
630231,89495.6,kg,89411.0,kg,89495.6,89411.0,1487631.53,1.01,35.0,1500772.28,1487712.0,13060.28,4571.1,84.6,0.99,1.0,0.99
630232,173345.0,kg,160572.0,kg,173345.0,160572.0,956128.99,1.01,35.0,964574.8,889853.0,74721.8,26152.63,12773.0,0.92,0.93,1.0
630239,115.3,kg,115.0,kg,115.3,115.0,6956.08,1.01,35.0,7017.53,6956.0,61.53,21.53,0.3,0.99,1.0,0.99
630260,622235.0,kg,593959.0,kg,622235.0,593959.0,3915936.23,1.01,35.0,3950527.0,3644698.0,305829.0,107040.15,28276.0,0.92,0.95,0.97
630293,46552.0,kg,46539.0,kg,46552.0,46539.0,200722.56,1.01,35.0,202495.61,200214.0,2281.61,798.56,13.0,0.99,1.0,0.99
630299,10.0,kg,0.0,NR,10.0,0.0,32.16,1.01,35.0,32.44,0.0,32.44,11.36,10.0,NMR,NMR,
630392,1633040.0,kg,1629811.0,kg,1633040.0,1629811.0,8932267.25,1.01,35.0,8991815.7,8925150.0,66665.7,23332.99,3229.0,0.99,1.0,0.99
630491,361078.0,kg,367424.0,kg,361078.0,367424.0,1454407.64,1.01,35.0,1464588.49,1524991.0,-60402.51,-21140.88,-6346.0,1.04,1.02,1.02
630492,16.2,kg,16.0,kg,16.2,16.0,1093.5,1.01,35.0,1101.15,1094.0,7.15,2.5,0.2,0.99,0.99,1.01
630493,839311.0,kg,830732.0,kg,839311.0,830732.0,3368344.56,1.01,35.0,3391922.97,3298961.0,92961.97,32536.69,8579.0,0.97,0.99,0.98
630532,79082.0,kg,79082.0,kg,79082.0,79082.0,679720.7,1.02,35.0,692748.68,679721.0,13027.68,4559.69,0.0,0.98,1.0,0.98
630533,97020.0,kg,95470.0,kg,97020.0,95470.0,328900.0,1.02,35.0,335203.92,328900.0,6303.92,2206.37,1550.0,0.98,0.98,1.0
630629,1393.0,kg,1393.0,kg,1393.0,1393.0,5375.0,1.04,35.0,5569.2,5375.0,194.2,67.97,0.0,0.97,1.0,0.97
630720,55.0,kg,55.0,kg,55.0,55.0,680.0,1.02,35.0,692.47,680.0,12.47,4.36,0.0,0.98,1.0,0.98
630790,1626223.88,kg,1612730.0,kg,1626223.88,1612730.0,6112425.03,1.02,23.33,6224486.16,6103376.0,121110.16,28259.04,13493.88,0.98,0.99,0.99
640220,39.51,2u,80.0,2u,20.0,20.0,160.0,1.1,35.0,176.53,160.0,16.53,5.79,0.0,0.91,1.0,0.91
640291,488.12,2u,1344.0,2u,1230.86,1230.0,12072.54,1.1,35.0,13320.04,12121.0,1199.04,419.66,0.86,0.91,1.0,0.91
640299,123016.29,2u,2056617.0,2u,527903.0,520784.0,1934515.8,1.1,35.0,2134415.77,1907884.0,226531.77,79286.12,7119.0,0.89,0.99,0.91
640610,278935.0,kg,278935.0,kg,278935.0,278935.0,4106493.58,1.01,14.4,4142767.61,4108704.0,34063.61,4905.16,0.0,0.99,1.0,0.99
650610,6415.42,u,77550.0,u,49440.1,48964.0,329431.0,1.09,16.0,358860.17,328709.0,30151.17,4824.19,476.1,0.92,0.99,0.92
680422,2634.0,kg,17903.0,kg,2634.0,17903.0,10470.0,1.04,4.8,10848.28,102756.0,-91907.72,-4411.57,-15269.0,9.47,6.8,1.39
680520,2903.25,kg,0.0,NR,2903.25,0.0,17205.21,1.07,8.0,18332.15,0.0,18332.15,1466.57,2903.25,NMR,NMR,
680530,73224.0,kg,59136.0,kg,73224.0,59136.0,461055.48,1.07,8.0,491254.61,367394.0,123860.61,9908.85,14088.0,0.75,0.81,0.93
681091,925702.0,kg,909271.0,kg,925702.0,909271.0,118157.14,1.02,6.4,120165.81,118157.0,2008.81,128.56,16431.0,0.98,0.98,1.0
690320,380.06,kg,0.0,NR,380.06,0.0,18862.6,1.04,8.0,19544.1,0.0,19544.1,1563.53,380.06,NMR,NMR,
690410,1691.15,2u,9052.25,1000u,21617500.0,20016050.0,734429.82,1.07,9.6,787186.36,680253.0,106933.36,10265.6,1601450.0,0.86,0.93,0.93
691310,1968.26,kg,0.0,NR,1968.26,0.0,2678.08,1.04,16.0,2774.84,0.0,2774.84,443.97,1968.26,NMR,NMR,
700100,3247180.0,kg,3360000.0,kg,3247180.0,3360000.0,230522.6,1.04,0.0,238851.31,451569.0,-212717.69,-0.0,-112820.0,1.89,1.03,1.83
700320,132.81,m²,0.0,NR,15.0,0.0,1977.16,1.04,8.0,2048.59,0.0,2048.59,163.89,15.0,NMR,NMR,
700719,0.0,NR,7831.0,m²,157674.0,157674.0,83996.74,1.02,9.6,85662.68,83998.0,1664.68,159.81,0.0,0.98,1.0,0.98
700721,73920.0,kg,0.0,NR,73920.0,0.0,81748.29,1.02,9.6,83369.63,0.0,83369.63,8003.48,73920.0,NMR,NMR,
700729,0.0,NR,238146.0,m²,4984560.0,4980407.0,3139543.48,1.02,9.6,3201811.09,3136464.0,65347.09,6273.32,4153.0,0.98,1.0,0.98
700910,0.52,kg,0.0,NR,0.52,0.0,98.04,1.04,11.2,102.22,0.0,102.22,11.45,0.52,NMR,NMR,
701090,8003146.0,kg,7798753.0,kg,8003146.0,7798753.0,6124622.44,1.13,8.0,6902449.49,6090150.0,812299.49,64983.96,204393.0,0.88,0.97,0.91
701399,12.0,kg,0.0,NR,12.0,0.0,337.68,1.08,14.4,365.03,0.0,365.03,52.56,12.0,NMR,NMR,
701590,1014.0,kg,0.0,NR,1014.0,0.0,6940.0,1.04,11.2,7190.74,0.0,7190.74,805.36,1014.0,NMR,NMR,
702000,179.0,kg,0.0,NR,179.0,0.0,629.6,1.06,11.2,664.54,0.0,664.54,74.43,179.0,NMR,NMR,
710310,32000.0,kg,32000.0,kg,32000.0,32000.0,16160.0,1.04,6.4,16743.86,16160.0,583.86,37.37,0.0,0.97,1.0,0.97
711620,15.0,kg,0.0,NR,15.0,0.0,602.4,1.04,9.6,624.16,0.0,624.16,59.92,15.0,NMR,NMR,
711719,115.92,kg,0.0,NR,115.92,0.0,34399.13,1.02,14.4,35012.58,0.0,35012.58,5041.81,115.92,NMR,NMR,
711790,20.0,kg,0.0,NR,20.0,0.0,1456.23,1.02,14.4,1482.2,0.0,1482.2,213.44,20.0,NMR,NMR,
720221,1208710.0,kg,1207600.0,kg,1208710.0,1207600.0,3620734.03,1.03,4.8,3729959.51,3611555.0,118404.51,5683.42,1110.0,0.97,1.0,0.97
720229,2788750.0,kg,2808250.0,kg,2788750.0,2808250.0,6785753.31,1.03,4.8,6990456.87,6729703.0,260753.87,12516.19,-19500.0,0.96,1.01,0.96
720299,14000.0,kg,28000.0,kg,14000.0,28000.0,46900.0,1.03,4.8,48314.82,88832.0,-40517.18,-1944.82,-14000.0,1.84,2.0,0.92
720449,6486700.0,kg,5914400.0,kg,6486700.0,5914400.0,1686432.0,1.11,0.0,1864350.58,1711164.0,153186.58,0.0,572300.0,0.92,0.91,1.01
720711,56000.0,kg,56000.0,kg,56000.0,56000.0,32055.76,1.04,6.4,33439.5,35836.0,-2396.5,-153.38,0.0,1.07,1.0,1.07
721190,0.12,kg,0.0,NR,0.12,0.0,45.47,1.04,9.6,47.11,0.0,47.11,4.52,0.12,NMR,NMR,
722300,29.0,kg,0.0,NR,29.0,0.0,380.0,1.04,11.2,393.73,0.0,393.73,44.1,29.0,NMR,NMR,
730690,11039.0,kg,17249.0,kg,11039.0,17249.0,11810.0,1.02,11.2,12012.74,18392.0,-6379.26,-714.48,-6210.0,1.53,1.56,0.98
730719,436.2,kg,3446.0,kg,436.2,3446.0,515.92,1.04,11.2,537.5,4301.0,-3763.5,-421.51,-3009.8,8.0,7.9,1.01
730792,1.08,kg,0.0,NR,1.08,0.0,30.86,1.04,11.2,32.15,0.0,32.15,3.6,1.08,NMR,NMR,
730799,1.43,kg,0.0,NR,1.43,0.0,2243.0,1.04,11.2,2336.83,0.0,2336.83,261.73,1.43,NMR,NMR,
730890,18677.0,kg,18677.0,kg,18677.0,18677.0,7627.5,1.09,11.2,8311.43,7609.0,702.43,78.67,0.0,0.92,1.0,0.92
731100,3.0,kg,0.0,NR,3.0,0.0,100.0,1.21,11.2,120.63,0.0,120.63,13.51,3.0,NMR,NMR,
731441,375688.0,kg,375690.0,kg,375688.0,375690.0,496760.02,1.01,11.2,500402.93,496760.0,3642.93,408.01,-2.0,0.99,1.0,0.99
731442,30087.3,kg,30087.0,kg,30087.3,30087.0,43216.24,1.01,11.2,43533.16,43216.0,317.16,35.52,0.3,0.99,1.0,0.99
731512,25.91,kg,0.0,NR,25.91,0.0,503.23,1.09,11.2,549.02,0.0,549.02,61.49,25.91,NMR,NMR,
731589,3.2,kg,0.0,NR,3.2,0.0,127.0,1.09,11.2,138.56,0.0,138.56,15.52,3.2,NMR,NMR,
731815,60.01,kg,12.0,kg,60.01,12.0,3788.4,1.02,16.0,3847.75,1760.0,2087.75,334.04,48.01,0.46,0.2,2.29
731819,0.48,kg,0.0,NR,0.48,0.0,489.6,1.02,16.0,497.27,0.0,497.27,79.56,0.48,NMR,NMR,
731821,2.68,kg,2.0,kg,2.68,2.0,76.68,1.02,16.0,77.88,214.0,-136.12,-21.78,0.68,2.75,0.75,3.69
731822,9.87,kg,0.0,NR,9.87,0.0,532.28,1.02,16.0,540.62,0.0,540.62,86.5,9.87,NMR,NMR,
731824,1.55,kg,6.0,kg,1.55,6.0,44.24,1.02,16.0,44.93,44.0,0.93,0.15,-4.45,0.98,3.88,0.25
731829,192.4,kg,19.14,kg,192.4,19.14,23917.34,1.02,16.0,24292.04,188.0,24104.04,3856.65,173.27,0.01,0.1,0.08
732020,0.78,kg,0.0,NR,0.78,0.0,1180.72,1.02,16.0,1204.14,0.0,1204.14,192.66,0.78,NMR,NMR,
732219,5.2,kg,5.0,kg,5.2,5.0,48.32,1.04,14.4,50.07,48.0,2.07,0.3,0.2,0.96,0.96,1.0
732310,0.5,kg,0.0,NR,0.5,0.0,5.94,1.03,14.4,6.14,0.0,6.14,0.88,0.5,NMR,NMR,
732393,645.76,kg,0.0,NR,645.76,0.0,1913.83,1.03,14.4,1976.67,0.0,1976.67,284.64,645.76,NMR,NMR,
732399,19379.0,kg,20434.0,kg,19379.0,20434.0,158830.45,1.03,14.4,164045.38,169692.0,-5646.62,-813.11,-1055.0,1.03,1.05,0.98
732599,3250.0,kg,3400.0,kg,3250.0,3400.0,4400.0,1.02,18.0,4486.53,4400.0,86.53,15.58,-150.0,0.98,1.05,0.94
732619,1256.9,kg,5.0,kg,1256.9,5.0,2362.36,1.02,18.0,2419.06,17.0,2402.06,432.37,1251.9,0.01,NMR,1.77
732620,1000.0,kg,1000.0,kg,1000.0,1000.0,2900.0,1.02,18.0,2969.6,2900.0,69.6,12.53,0.0,0.98,1.0,0.98
732690,191.88,kg,105.0,kg,191.88,105.0,2139.25,1.02,6.0,2190.59,3539.0,-1348.41,-80.9,86.88,1.62,0.55,2.95
740400,2970630.0,kg,2830822.0,kg,2970630.0,2830822.0,20258354.98,1.01,0.0,20484573.28,21676047.0,-1191473.72,-0.0,139808.0,1.06,0.95,1.11
760200,20920400.0,kg,20851583.0,kg,20920400.0,20851583.0,35779688.22,1.02,0.0,36662253.86,35781819.0,880434.86,0.0,68817.0,0.98,1.0,0.98
760711,486204.0,kg,480368.0,kg,486204.0,480368.0,2589061.0,1.02,4.8,2629622.96,2579071.0,50551.96,2426.49,5836.0,0.98,0.99,0.99
760719,596.87,kg,0.0,NR,596.87,0.0,6941.74,1.02,4.8,7050.49,0.0,7050.49,338.42,596.87,NMR,NMR,
760900,285539.0,kg,283952.0,kg,285539.0,283952.0,2266198.71,1.02,11.2,2307367.99,2266199.0,41168.99,4610.93,1587.0,0.98,0.99,0.99
761610,3551.1,kg,3552.0,kg,3551.1,3552.0,27261.58,1.01,11.2,27652.33,27262.0,390.33,43.72,-0.9,0.99,1.0,0.99
761699,1666420.0,kg,1667959.0,kg,1666420.0,1667959.0,17216162.17,1.01,11.2,17462927.16,17215240.0,247687.16,27740.96,-1539.0,0.99,1.0,0.98
780110,4215210.0,kg,4216000.0,kg,4215210.0,4215210.0,9025439.0,1.01,6.4,9111180.67,9025439.0,85741.67,5487.47,0.0,0.99,1.0,0.99
820320,2009.93,kg,0.0,NR,2009.93,0.0,36352.7,1.04,14.4,37666.11,0.0,37666.11,5423.92,2009.93,NMR,NMR,
820340,391.0,kg,0.0,NR,391.0,0.0,4080.0,1.04,14.4,4227.41,0.0,4227.41,608.75,391.0,NMR,NMR,
820411,2.0,kg,0.0,NR,2.0,0.0,100.0,1.04,18.0,103.61,0.0,103.61,18.65,2.0,NMR,NMR,
820412,19.5,kg,0.0,NR,19.5,0.0,6439.1,1.04,14.4,6671.74,0.0,6671.74,960.73,19.5,NMR,NMR,
820420,153.28,kg,0.0,NR,153.28,0.0,1106.0,1.04,14.4,1145.96,0.0,1145.96,165.02,153.28,NMR,NMR,
820510,1.1,kg,0.0,NR,1.1,0.0,1.18,1.06,14.4,1.25,0.0,1.25,0.18,1.1,NMR,NMR,
820551,43.42,kg,0.0,NR,43.42,0.0,2314.03,1.06,14.4,2449.02,0.0,2449.02,352.66,43.42,NMR,NMR,
820559,167.0,kg,28.0,kg,167.0,28.0,669.5,1.06,14.4,708.55,80.0,628.55,90.51,139.0,0.11,0.17,0.67
820590,0.1,kg,0.0,NR,0.1,0.0,30.0,1.06,14.4,31.75,0.0,31.75,4.57,0.1,NMR,NMR,
820600,2.0,kg,0.0,NR,2.0,0.0,5.0,1.04,14.4,5.18,0.0,5.18,0.75,2.0,NMR,NMR,
820730,327.36,kg,0.0,NR,327.36,0.0,150907.83,1.15,11.2,173342.79,0.0,173342.79,19414.39,327.36,NMR,NMR,
820780,2.0,kg,0.0,NR,2.0,0.0,40.0,1.15,14.4,45.95,0.0,45.95,6.62,2.0,NMR,NMR,
820790,0.5,kg,5.5,kg,0.5,5.5,10.0,1.15,14.4,11.49,47.0,-35.51,-5.11,-5.0,4.09,11.0,0.37
820810,114.46,kg,0.0,NR,114.46,0.0,19410.52,1.1,12.8,21309.52,0.0,21309.52,2727.62,114.46,NMR,NMR,
820890,4.42,kg,0.0,NR,4.42,0.0,5453.18,1.1,12.8,5986.68,0.0,5986.68,766.3,4.42,NMR,NMR,
821000,344.94,kg,89.0,kg,344.94,89.0,2149.95,1.04,14.4,2227.63,302.0,1925.63,277.29,255.94,0.14,0.26,0.53
821110,358.4,u,0.0,NR,39.34,0.0,1519.99,1.04,14.4,1574.91,0.0,1574.91,226.79,39.34,NMR,NMR,
821191,14.7,u,0.0,NR,1.0,0.0,8.94,1.04,14.4,9.26,0.0,9.26,1.33,1.0,NMR,NMR,
821192,0.0,NR,0.0,NR,1591.7,0.0,23719.72,1.04,14.4,24576.71,0.0,24576.71,3539.05,1591.7,NMR,NMR,
821220,506.88,u,0.0,NR,13.0,0.0,92.22,1.04,14.4,95.55,0.0,95.55,13.76,13.0,NMR,NMR,
821300,162.15,kg,0.0,NR,162.15,0.0,3723.62,1.04,14.4,3858.15,0.0,3858.15,555.57,162.15,NMR,NMR,
821420,32.4,kg,0.0,NR,32.4,0.0,635.58,1.04,14.4,658.54,0.0,658.54,94.83,32.4,NMR,NMR,
821490,199.44,kg,0.0,NR,199.44,0.0,400.0,1.04,14.4,414.45,0.0,414.45,59.68,199.44,NMR,NMR,
821520,841.02,kg,831.0,kg,841.02,831.0,6309.65,1.04,14.4,6537.62,5515.0,1022.62,147.26,10.02,0.84,0.99,0.85
821599,1254.34,kg,1234.0,kg,1254.34,1234.0,16657.38,1.04,14.4,17259.21,16104.0,1155.21,166.35,20.35,0.93,0.98,0.95
830120,25.1,kg,24.0,kg,25.1,24.0,1176.01,1.04,16.0,1218.5,1176.0,42.5,6.8,1.1,0.97,0.96,1.01
830140,856.0,kg,0.0,NR,856.0,0.0,9026.79,1.04,12.8,9352.93,0.0,9352.93,1197.17,856.0,NMR,NMR,
830160,18.3,kg,15.0,kg,18.3,15.0,210.9,1.04,16.0,218.52,211.0,7.52,1.2,3.3,0.97,0.82,1.18
830210,152.2,kg,6.0,kg,152.2,6.0,3281.49,1.04,16.0,3400.05,70.0,3330.05,532.81,146.2,0.02,0.04,0.52
830230,61.76,kg,24.0,kg,61.76,24.0,1100.76,1.04,16.0,1140.53,1101.0,39.53,6.32,37.76,0.97,0.39,2.48
830241,73.2,kg,0.0,NR,73.2,0.0,714.6,1.04,12.8,740.42,0.0,740.42,94.77,73.2,NMR,NMR,
830520,2687.88,kg,2677.0,kg,2687.88,2677.0,3980.44,1.04,12.8,4124.25,4108.0,16.25,2.08,10.88,1.0,1.0,1.0
830590,3.0,kg,0.0,NR,3.0,0.0,6.9,1.04,12.8,7.15,0.0,7.15,0.92,3.0,NMR,NMR,
830629,442.0,kg,0.0,NR,442.0,0.0,3215.31,1.04,12.8,3331.48,0.0,3331.48,426.43,442.0,NMR,NMR,
830810,1672.1,kg,0.0,NR,1672.1,0.0,43223.1,1.01,16.0,43568.88,0.0,43568.88,6971.02,1672.1,NMR,NMR,
830890,1.92,kg,0.0,NR,1.92,0.0,76.8,1.01,12.8,77.41,0.0,77.41,9.91,1.92,NMR,NMR,
830990,722012.0,kg,722005.0,kg,722012.0,722005.0,6742666.12,1.05,16.0,7077551.87,6737864.0,339687.87,54350.06,7.0,0.95,1.0,0.95
831000,0.5,kg,0.0,NR,0.5,0.0,2.5,1.04,16.0,2.59,0.0,2.59,0.41,0.5,NMR,NMR,
840790,0.0,NR,0.0,NR,2790.0,0.0,8300.0,1.04,11.2,8599.88,0.0,8599.88,963.19,2790.0,NMR,NMR,
840991,134.36,kg,109.0,kg,134.36,109.0,5433.49,1.04,14.67,5629.8,4480.0,1149.8,168.64,25.36,0.8,0.81,0.98
840999,0.54,kg,0.0,NR,0.54,0.0,3635.4,1.04,10.35,3766.75,0.0,3766.75,389.97,0.54,NMR,NMR,
841191,40.0,kg,0.0,NR,40.0,0.0,100.0,1.04,0.0,103.61,0.0,103.61,0.0,40.0,NMR,NMR,
841229,0.0,NR,8208.0,u,57484.0,57484.0,955049.97,1.04,11.2,989555.63,955050.0,34505.63,3864.63,0.0,0.97,1.0,0.97
841231,0.0,NR,0.0,NR,51.0,0.0,3114.0,1.04,11.2,3226.51,0.0,3226.51,361.37,51.0,NMR,NMR,
841290,0.38,kg,0.0,NR,0.38,0.0,1899.16,1.04,11.2,1967.78,0.0,1967.78,220.39,0.38,NMR,NMR,
841320,0.0,NR,0.0,NR,12.0,0.0,10.0,1.02,18.0,10.17,0.0,10.17,1.83,12.0,NMR,NMR,
841330,0.0,NR,0.0,NR,43.22,0.0,242.0,1.02,18.0,246.19,0.0,246.19,44.32,43.22,NMR,NMR,
841350,0.0,NR,0.0,NR,31.0,0.0,6299.33,1.02,11.2,6408.52,0.0,6408.52,717.75,31.0,NMR,NMR,
841370,0.0,NR,15747.0,u,15747.2,15747.0,127881.6,1.02,11.2,130098.21,127882.0,2216.21,248.22,0.2,0.98,1.0,0.98
841381,0.0,NR,0.0,NR,44898.5,0.0,156388.24,1.02,11.2,159098.97,0.0,159098.97,17819.08,44898.5,NMR,NMR,
841382,0.0,NR,0.0,NR,1133.0,0.0,940.8,1.02,11.2,957.11,0.0,957.11,107.2,1133.0,NMR,NMR,
841391,2083.31,kg,775.0,kg,2083.31,775.0,12318.02,1.02,11.2,12531.53,7118.0,5413.53,606.32,1308.31,0.57,0.37,1.53
841410,0.0,NR,0.0,NR,145.0,0.0,314.0,1.07,11.2,337.13,0.0,337.13,37.76,145.0,NMR,NMR,
841451,6.91,u,2.0,u,3.0,20.0,145.6,1.07,16.0,156.33,1310.0,-1153.67,-184.59,-17.0,8.38,6.67,1.26
841459,0.0,NR,0.0,NR,98.59,0.0,2854.19,1.07,5.6,3064.45,0.0,3064.45,171.61,98.59,NMR,NMR,
841480,0.0,NR,0.0,NR,3582.85,0.0,111439.81,1.07,10.34,119649.21,0.0,119649.21,12369.89,3582.85,NMR,NMR,
841490,60.0,kg,75.0,kg,60.0,75.0,2000.0,1.07,11.2,2147.33,2513.0,-365.67,-40.95,-15.0,1.17,1.25,0.94
841510,180.81,u,0.0,NR,8280.64,0.0,47845.28,1.04,13.87,49573.92,0.0,49573.92,6874.25,8280.64,NMR,NMR,
841790,101.0,kg,0.0,NR,101.0,0.0,2475.87,1.02,11.2,2528.28,0.0,2528.28,283.17,101.0,NMR,NMR,
841861,88.79,u,5275.0,u,7110.0,7110.0,131036.1,1.02,11.2,133067.16,129801.0,3266.16,365.81,0.0,0.98,1.0,0.98
841950,0.0,NR,212.0,u,212.0,212.0,3150.0,1.0,11.2,3161.02,3150.0,11.03,1.23,0.0,1.0,1.0,1.0
841989,0.0,NR,0.0,NR,49.2,0.0,344.0,1.0,9.6,345.2,0.0,345.2,33.14,49.2,NMR,NMR,
842121,0.0,NR,310.0,u,2052.93,2878.0,17329.66,1.07,11.2,18586.06,16660.0,1926.06,215.72,-825.07,0.9,1.4,0.64
842123,0.0,NR,0.0,NR,17.72,0.0,598.63,1.07,16.0,642.03,0.0,642.03,102.72,17.72,NMR,NMR,
842129,0.0,NR,0.0,NR,1.1,0.0,267.84,1.07,6.72,287.26,0.0,287.26,19.3,1.1,NMR,NMR,
842131,16.35,u,0.0,NR,11.34,0.0,321.88,1.07,16.0,345.22,0.0,345.22,55.23,11.34,NMR,NMR,
842139,0.0,NR,0.0,NR,62.01,0.0,2978.91,1.07,7.47,3194.88,0.0,3194.88,238.55,62.01,NMR,NMR,
842199,73.56,kg,22.0,kg,73.56,22.0,1982.3,1.07,5.6,2126.02,570.0,1556.02,87.14,51.56,0.27,0.3,0.9
842230,0.0,NR,1.0,u,5027.5,5028.0,24400.0,1.05,7.47,25510.2,24400.0,1110.2,82.89,-0.5,0.96,1.0,0.96
842240,0.0,NR,0.0,NR,86440.0,0.0,337600.0,1.05,2.8,352960.8,0.0,352960.8,9882.9,86440.0,NMR,NMR,
842290,0.4,kg,0.0,NR,0.4,0.0,213.49,1.05,12.0,223.2,0.0,223.2,26.78,0.4,NMR,NMR,
842310,0.0,NR,0.0,NR,60.14,0.0,617.78,1.04,16.0,640.1,0.0,640.1,102.42,60.14,NMR,NMR,
842330,3.44,u,17.0,u,42614.1,42614.0,76500.0,1.04,11.2,79263.92,76500.0,2763.92,309.56,0.1,0.97,1.0,0.97
842430,0.0,NR,0.0,NR,3450.0,0.0,70100.0,1.01,5.6,70719.22,0.0,70719.22,3960.28,3450.0,NMR,NMR,
842490,31.11,kg,0.0,NR,31.11,0.0,18105.65,1.01,11.2,18265.58,0.0,18265.58,2045.75,31.11,NMR,NMR,
842519,0.0,NR,0.0,NR,158.28,0.0,619.0,1.04,12.0,642.11,0.0,642.11,77.05,158.28,NMR,NMR,
842542,0.0,NR,0.0,NR,230.0,0.0,1002.5,1.04,18.0,1039.93,0.0,1039.93,187.19,230.0,NMR,NMR,
842549,0.0,NR,0.0,NR,98.5,0.0,385.0,1.04,13.6,399.37,0.0,399.37,54.31,98.5,NMR,NMR,
842810,0.18,u,39.0,u,2560.0,5660.0,3162.2,1.01,11.2,3180.65,7225.0,-4044.35,-452.97,-3100.0,2.27,2.21,1.03
842820,0.0,NR,8.0,u,2446.19,2808.0,13400.0,1.01,11.2,13478.17,13400.0,78.17,8.75,-361.81,0.99,1.15,0.87
842890,0.0,NR,30.0,u,155.79,147.0,1312.11,1.01,5.6,1319.76,1013.0,306.76,17.18,8.79,0.77,0.94,0.81
842959,2.1,u,0.0,NR,21710.0,0.0,104000.0,1.04,11.2,107757.49,0.0,107757.49,12068.84,21710.0,NMR,NMR,
843041,0.06,u,0.0,NR,1080.0,0.0,5074.68,1.04,8.1,5279.36,0.0,5279.36,427.63,1080.0,NMR,NMR,
843120,990.0,kg,0.0,NR,990.0,0.0,1000.0,1.03,11.2,1028.67,0.0,1028.67,115.21,990.0,NMR,NMR,
843131,2013.35,kg,4062.0,kg,2013.35,4062.0,5745.27,1.03,11.2,5909.97,7916.0,-2006.03,-224.68,-2048.65,1.34,2.02,0.66
843139,16.4,kg,0.0,NR,16.4,0.0,1693.17,1.03,11.2,1741.71,0.0,1741.71,195.07,16.4,NMR,NMR,
843290,54219.3,kg,54220.0,kg,54219.3,54220.0,23179.28,1.05,11.2,24400.06,23179.0,1221.06,136.76,-0.7,0.95,1.0,0.95
843390,4448.34,kg,4449.0,kg,4448.34,4449.0,7016.5,1.1,12.0,7686.58,7017.0,669.58,80.35,-0.66,0.91,1.0,0.91
843790,4666.32,kg,6904.0,kg,4666.32,6904.0,7615.5,1.01,11.2,7703.08,11733.0,-4029.92,-451.35,-2237.68,1.52,1.48,1.03
844010,0.0,NR,0.0,NR,12026.25,0.0,61000.0,1.18,5.6,71675.0,0.0,71675.0,4013.8,12026.25,NMR,NMR,
844110,0.0,NR,0.0,NR,7663.0,0.0,12181.2,1.03,5.6,12508.06,0.0,12508.06,700.45,7663.0,NMR,NMR,
844250,94.44,kg,0.0,NR,94.44,0.0,16842.41,1.03,11.2,17280.31,0.0,17280.31,1935.4,94.44,NMR,NMR,
844520,0.19,u,1.0,u,19909.7,19910.0,27570.0,1.04,0.0,28566.1,27570.0,996.1,0.0,-0.3,0.97,1.0,0.97
844530,0.81,u,3.0,u,29640.0,29640.0,35100.0,1.04,5.6,36368.15,35100.0,1268.15,71.02,0.0,0.97,1.0,0.97
844540,0.21,u,1.0,u,9283.73,9284.0,15430.0,1.04,4.48,15987.48,15430.0,557.48,24.98,-0.27,0.97,1.0,0.97
844851,3.8,kg,0.0,NR,3.8,0.0,1320.0,1.01,5.6,1327.26,0.0,1327.26,74.33,3.8,NMR,NMR,
845221,0.0,NR,0.0,NR,2766.8,0.0,23722.5,1.0,0.0,23817.39,0.0,23817.39,0.0,2766.8,NMR,NMR,
845710,0.11,u,0.0,NR,2200.0,0.0,10000.0,1.04,11.2,10361.3,0.0,10361.3,1160.47,2200.0,NMR,NMR,
845811,0.69,u,2.0,u,6192.0,5760.0,63408.78,1.04,7.47,65699.72,63409.0,2290.72,171.04,432.0,0.97,0.93,1.04
845969,1.03,u,0.0,NR,708.0,0.0,12341.47,1.04,11.2,12787.36,0.0,12787.36,1432.18,708.0,NMR,NMR,
846090,0.0,NR,0.0,NR,120.6,0.0,515.0,1.04,5.6,533.61,0.0,533.61,29.88,120.6,NMR,NMR,
846692,43.0,kg,0.0,NR,43.0,0.0,1139.0,1.04,11.2,1180.15,0.0,1180.15,132.18,43.0,NMR,NMR,
846693,1003.52,kg,0.0,NR,1003.52,0.0,10453.3,1.04,9.6,10830.97,0.0,10830.97,1039.77,1003.52,NMR,NMR,
846694,998.23,kg,5.55,kg,998.23,5.55,155035.49,1.04,11.2,160636.87,173.0,160463.87,17971.95,992.68,NMR,0.01,0.19
846711,0.0,NR,0.0,NR,630.09,0.0,4993.5,1.04,10.0,5173.91,0.0,5173.91,517.39,630.09,NMR,NMR,
846729,82.49,u,0.0,NR,52.1,0.0,8530.0,1.04,15.04,8838.19,0.0,8838.19,1329.26,52.1,NMR,NMR,
846890,132.0,kg,132.0,kg,132.0,132.0,319.2,1.04,8.0,330.73,309.0,21.73,1.74,0.0,0.93,1.0,0.93
847130,59.28,u,0.0,NR,121.24,0.0,34098.61,1.04,9.6,35330.58,0.0,35330.58,3391.74,121.24,NMR,NMR,
847160,0.0,NR,0.0,NR,1043.18,0.0,13166.43,1.04,11.2,13642.13,0.0,13642.13,1527.92,1043.18,NMR,NMR,
847180,0.0,NR,0.0,NR,20.0,0.0,100.0,1.04,12.8,103.61,0.0,103.61,13.26,20.0,NMR,NMR,
847290,0.0,NR,0.0,NR,0.5,0.0,0.75,1.04,9.0,0.78,0.0,0.78,0.07,0.5,NMR,NMR,
847529,0.0,NR,0.0,NR,8524.1,0.0,13864.0,1.04,11.2,14364.9,0.0,14364.9,1608.87,8524.1,NMR,NMR,
847950,0.5,u,0.0,NR,95.0,0.0,9000.0,1.04,0.0,9325.17,0.0,9325.17,0.0,95.0,NMR,NMR,
847960,0.0,NR,0.0,NR,231.4,0.0,1696.82,1.04,11.2,1758.13,0.0,1758.13,196.91,231.4,NMR,NMR,
847981,0.0,NR,0.0,NR,490.0,0.0,12841.83,1.04,5.6,13305.8,0.0,13305.8,745.12,490.0,NMR,NMR,
847989,0.0,NR,1404.0,u,131935.78,1586.0,576411.51,1.04,9.6,597237.08,20480.0,576757.08,55368.68,130349.78,0.03,0.01,2.85
847990,801.61,kg,0.0,NR,801.61,0.0,7022.62,1.04,12.0,7276.35,0.0,7276.35,873.16,801.61,NMR,NMR,
848110,15474.7,kg,15010.0,kg,15474.7,15010.0,187839.59,1.0,11.2,188403.11,188114.0,289.11,32.38,464.7,1.0,0.97,1.03
848120,2.92,kg,0.0,NR,2.92,0.0,1148.52,1.0,7.47,1151.97,0.0,1151.97,86.01,2.92,NMR,NMR,
848140,101.98,kg,4.0,kg,101.98,4.0,1961.01,1.0,11.2,1966.89,288.0,1678.89,188.04,97.98,0.15,0.04,3.73
848180,1589.96,kg,1590.0,kg,1589.96,1590.0,26283.27,1.0,12.11,26362.12,24432.0,1930.12,233.82,-0.04,0.93,1.0,0.93
848190,33626.17,kg,33601.0,kg,33626.17,33601.0,261189.23,1.0,12.0,261972.8,255395.0,6577.8,789.34,25.17,0.97,1.0,0.98
848210,0.0,NR,32.0,u,495.07,8.79,13933.0,1.01,16.0,14072.33,105.0,13967.33,2234.77,486.28,0.01,0.02,0.42
848220,0.0,NR,50.0,u,35.06,25.0,6491.06,1.01,16.0,6555.97,2835.0,3720.97,595.36,10.06,0.43,0.71,0.61
848240,0.0,NR,6.0,u,1.92,1.0,1597.62,1.01,16.0,1613.6,799.0,814.6,130.34,0.92,0.5,0.52,0.95
848250,0.0,NR,28.0,u,54.74,33.0,1564.36,1.01,16.0,1580.0,1564.0,16.0,2.56,21.74,0.99,0.6,1.64
848280,0.0,NR,0.0,NR,2.14,0.0,1542.03,1.01,16.0,1557.45,0.0,1557.45,249.19,2.14,NMR,NMR,
848291,682.16,kg,0.0,NR,682.16,0.0,2616.57,1.01,11.2,2642.74,0.0,2642.74,295.99,682.16,NMR,NMR,
848299,0.95,kg,10143.0,kg,0.95,10143.0,141.42,1.01,5.6,142.83,382342.0,-382199.17,-21403.15,-10142.05,2676.82,10676.84,0.25
848310,0.0,NR,375.0,u,1094.51,838.0,23081.92,1.0,11.43,23105.0,23865.0,-760.0,-86.86,256.51,1.03,0.77,1.35
848330,0.0,NR,0.0,NR,71.55,0.0,16550.55,1.0,12.0,16567.1,0.0,16567.1,1988.05,71.55,NMR,NMR,
848340,0.0,NR,953.0,u,5973.8,1576.0,9751.66,1.0,11.2,9761.41,52555.0,-42793.59,-4792.88,4397.8,5.38,0.26,20.41
848350,38.19,u,732.0,u,289.16,559.0,932.1,1.0,16.0,933.03,12717.0,-11783.97,-1885.43,-269.84,13.63,1.93,7.05
848390,2604.47,kg,1408.0,kg,2604.47,1408.0,77145.19,1.0,11.2,77222.34,27425.0,49797.34,5577.3,1196.47,0.36,0.54,0.66
848410,45.15,kg,0.0,NR,45.15,0.0,1290.25,1.04,16.0,1336.87,0.0,1336.87,213.9,45.15,NMR,NMR,
848420,68.5,kg,0.0,NR,68.5,0.0,4112.82,1.04,11.2,4261.41,0.0,4261.41,477.28,68.5,NMR,NMR,
850131,0.0,NR,0.0,NR,4850.14,0.0,62101.2,1.01,16.2,62722.21,0.0,62722.21,10161.0,4850.14,NMR,NMR,
850140,1805.23,u,0.0,NR,18844.0,0.0,126707.66,1.01,12.8,127974.74,0.0,127974.74,16380.77,18844.0,NMR,NMR,
850151,0.0,NR,0.0,NR,0.39,0.0,287.78,1.01,11.2,290.66,0.0,290.66,32.55,0.39,NMR,NMR,
850152,27.42,u,0.0,NR,1966.0,0.0,32156.0,1.01,11.2,32477.56,0.0,32477.56,3637.49,1966.0,NMR,NMR,
850300,1841.12,kg,1847.0,kg,1841.12,1847.0,41521.12,1.05,11.2,43451.85,37651.0,5800.85,649.7,-5.88,0.87,1.0,0.86
850421,0.42,u,0.0,NR,51.45,0.0,3150.0,1.08,11.2,3413.02,0.0,3413.02,382.26,51.45,NMR,NMR,
850432,0.0,NR,0.0,NR,64.0,0.0,600.0,1.08,14.4,650.1,0.0,650.1,93.61,64.0,NMR,NMR,
850440,0.0,NR,90.0,u,2381.65,65.0,85614.76,1.08,13.44,92763.59,12680.0,80083.59,10766.79,2316.65,0.14,0.03,5.01
850450,0.0,NR,161840.0,u,25753.4,25754.0,300235.2,1.08,14.4,325304.84,300236.0,25068.84,3609.91,-0.6,0.92,1.0,0.92
850490,186.71,kg,11.0,kg,186.71,11.0,11898.39,1.08,12.16,12891.91,5098.0,7793.91,947.74,175.71,0.4,0.06,6.71
850519,23.5,kg,0.0,NR,23.5,0.0,2053.4,1.04,16.0,2127.59,0.0,2127.59,340.41,23.5,NMR,NMR,
850520,633.01,kg,0.0,NR,633.01,0.0,18089.07,1.04,5.6,18742.62,0.0,18742.62,1049.59,633.01,NMR,NMR,
850590,40.42,kg,0.0,NR,40.42,0.0,1155.07,1.04,11.73,1196.8,0.0,1196.8,140.42,40.42,NMR,NMR,
850650,0.0,NR,0.0,NR,0.2,0.0,755.86,1.04,8.0,783.17,0.0,783.17,62.65,0.2,NMR,NMR,
850940,12.98,u,1170.0,u,14.42,585.0,393.15,1.04,16.0,407.35,1322.0,-914.65,-146.34,-570.58,3.25,40.55,0.08
850980,0.0,NR,0.0,NR,24.52,0.0,778.1,1.04,16.0,806.21,0.0,806.21,128.99,24.52,NMR,NMR,
851010,41.46,u,0.0,NR,30.92,0.0,1247.4,1.04,16.0,1292.47,0.0,1292.47,206.79,30.92,NMR,NMR,
851020,32.42,u,0.0,NR,20.38,0.0,687.2,1.04,0.0,712.03,0.0,712.03,0.0,20.38,NMR,NMR,
851030,58.4,u,0.0,NR,34.2,0.0,1383.6,1.04,16.0,1433.59,0.0,1433.59,229.37,34.2,NMR,NMR,
851090,0.9,kg,0.0,NR,0.9,0.0,20.32,1.04,9.2,21.05,0.0,21.05,1.94,0.9,NMR,NMR,
851110,328.3,u,0.0,NR,6.73,0.0,295.26,1.23,18.0,363.27,0.0,363.27,65.39,6.73,NMR,NMR,
851180,0.0,NR,0.0,NR,1.75,0.0,38.53,1.23,17.5,47.4,0.0,47.4,8.3,1.75,NMR,NMR,
851190,0.14,kg,0.0,NR,0.14,0.0,69.93,1.23,16.0,86.04,0.0,86.04,13.77,0.14,NMR,NMR,
851290,8443.79,kg,9795.0,kg,8443.79,9795.0,708876.79,1.03,16.0,730970.12,708875.0,22095.12,3535.22,-1351.21,0.97,1.16,0.84
851310,0.0,NR,0.0,NR,2788.0,0.0,5950.8,1.06,14.4,6316.77,0.0,6316.77,909.62,2788.0,NMR,NMR,
851539,0.0,NR,0.0,NR,1122.4,0.0,14701.0,1.0,11.2,14774.5,0.0,14774.5,1654.74,1122.4,NMR,NMR,
851580,0.0,NR,0.0,NR,246.16,0.0,35793.06,1.0,5.6,35972.03,0.0,35972.03,2014.43,246.16,NMR,NMR,
851590,3352.42,kg,802.0,kg,3352.42,802.0,34604.3,1.0,11.2,34777.32,10019.0,24758.32,2772.93,2550.42,0.29,0.24,1.2
851610,12.59,u,0.0,NR,102.44,0.0,1127.57,1.04,16.0,1168.31,0.0,1168.31,186.93,102.44,NMR,NMR,
851631,110.66,u,0.0,NR,141.6,0.0,2980.75,1.04,16.0,3088.44,0.0,3088.44,494.15,141.6,NMR,NMR,
851632,0.0,NR,0.0,NR,85.16,0.0,2325.7,1.04,16.0,2409.73,0.0,2409.73,385.56,85.16,NMR,NMR,
851660,14.48,u,0.0,NR,13.0,0.0,2513.7,1.04,16.0,2604.52,0.0,2604.52,416.72,13.0,NMR,NMR,
851671,4.62,u,0.0,NR,24.26,0.0,517.18,1.04,16.0,535.87,0.0,535.87,85.74,24.26,NMR,NMR,
851679,5.16,u,0.0,NR,14.61,0.0,215.82,1.04,16.0,223.62,0.0,223.62,35.78,14.61,NMR,NMR,
851810,0.0,NR,0.0,NR,20.62,0.0,3573.81,1.04,10.0,3704.85,0.0,3704.85,370.48,20.62,NMR,NMR,
851821,0.0,NR,0.0,NR,2803.03,0.0,66647.86,1.04,20.0,69091.61,0.0,69091.61,13818.32,2803.03,NMR,NMR,
851822,0.54,u,0.0,NR,4.18,0.0,140.4,1.04,16.0,145.55,0.0,145.55,23.29,4.18,NMR,NMR,
851830,0.0,NR,0.0,NR,2860.51,0.0,71793.76,1.04,16.0,74426.2,0.0,74426.2,11908.19,2860.51,NMR,NMR,
851890,3135.96,kg,3136.0,kg,3135.96,3136.0,330423.18,1.04,14.4,342538.7,330423.0,12115.7,1744.66,-0.03,0.96,1.0,0.96
852691,0.0,NR,0.0,NR,5.16,0.0,2812.95,1.04,0.0,2914.58,0.0,2914.58,0.0,5.16,NMR,NMR,
852721,45.73,u,0.0,NR,1058.0,0.0,7512.8,1.01,20.0,7614.22,0.0,7614.22,1522.84,1058.0,NMR,NMR,
852910,1795.2,kg,0.0,NR,1795.2,0.0,2880.0,1.17,14.4,3366.24,0.0,3366.24,484.74,1795.2,NMR,NMR,
852990,0.2,kg,0.0,NR,0.2,0.0,287.44,1.17,6.0,335.97,0.0,335.97,20.16,0.2,NMR,NMR,
853120,0.0,NR,0.0,NR,9138.8,0.0,58665.0,1.01,9.6,59368.98,0.0,59368.98,5699.42,9138.8,NMR,NMR,
853400,0.62,kg,0.0,NR,0.62,0.0,2271.91,1.04,9.33,2353.99,0.0,2353.99,219.71,0.62,NMR,NMR,
853610,269.34,kg,96.0,kg,269.34,96.0,9979.71,1.13,16.0,11303.68,2408.0,8895.68,1423.31,173.34,0.21,0.36,0.6
853641,884.32,kg,33.0,kg,884.32,33.0,34266.23,1.13,16.0,38812.22,1830.0,36982.22,5917.15,851.32,0.05,0.04,1.26
853649,3.74,kg,0.0,NR,3.74,0.0,602.73,1.13,16.0,682.69,0.0,682.69,109.23,3.74,NMR,NMR,
853650,1919.51,kg,46.08,kg,1919.51,46.08,23951.02,1.13,4.0,27128.52,2433.0,24695.52,987.82,1873.42,0.09,0.02,3.74
853669,21.4,kg,0.0,NR,21.4,0.0,565.16,1.13,14.4,640.14,0.0,640.14,92.18,21.4,NMR,NMR,
853690,21471.57,kg,4018.0,kg,21471.57,4018.0,455676.49,1.13,9.83,516129.57,90218.0,425911.57,41861.02,17453.57,0.17,0.19,0.93
853710,2498.9,kg,1.0,kg,2498.9,1.0,31568.16,1.04,10.32,32909.81,1172.0,31737.81,3275.34,2497.9,0.04,NMR,88.99
853810,17964.4,kg,17985.67,kg,17964.4,17985.67,51411.73,1.23,16.0,63476.35,61058.0,2418.35,386.94,-21.27,0.96,1.0,0.96
853890,10291.1,kg,1844.39,kg,10291.1,1844.39,289776.29,1.23,8.53,357777.13,75977.0,281800.13,24046.94,8446.71,0.21,0.18,1.18
853921,1546.7,u,0.0,NR,2780.2,0.0,2433.4,1.01,18.0,2457.73,0.0,2457.73,442.39,2780.2,NMR,NMR,
853949,0.0,NR,0.0,NR,3.5,0.0,2837.52,1.01,14.4,2865.9,0.0,2865.9,412.69,3.5,NMR,NMR,
853990,0.01,kg,0.0,NR,0.01,0.0,2.58,1.01,11.2,2.61,0.0,2.61,0.29,0.01,NMR,NMR,
854110,0.0,NR,6400.0,u,41.63,9.0,2750.0,1.01,1.2,2782.54,7616.0,-4833.46,-58.0,32.63,2.74,0.22,12.66
854320,0.0,NR,0.0,NR,37.2,0.0,1063.04,1.03,11.2,1090.15,0.0,1090.15,122.1,37.2,NMR,NMR,
854390,0.1,kg,0.0,NR,0.1,0.0,41.72,1.03,10.4,42.78,0.0,42.78,4.45,0.1,NMR,NMR,
854420,2.13,kg,0.0,NR,2.13,0.0,125.75,1.01,16.0,126.92,0.0,126.92,20.31,2.13,NMR,NMR,
854430,10183100.0,kg,10150146.41,kg,10183100.0,10150146.41,219987041.4,1.01,16.0,222040253.79,219893319.0,2146934.79,343509.57,32953.59,0.99,1.0,0.99
854449,68019.4,kg,66829.6,kg,68019.4,66829.6,639211.43,1.01,16.0,645177.4,614342.0,30835.4,4933.66,1189.8,0.95,0.98,0.97
854470,29155.0,kg,0.0,NR,29155.0,0.0,60669.5,1.01,8.4,61235.75,0.0,61235.75,5143.8,29155.0,NMR,NMR,
854720,1758.88,kg,0.0,NR,1758.88,0.0,96830.84,1.05,8.0,101462.58,0.0,101462.58,8117.01,1758.88,NMR,NMR,
854790,69.5,kg,0.0,NR,69.5,0.0,1384.38,1.05,16.0,1450.6,0.0,1450.6,232.1,69.5,NMR,NMR,
870322,0.38,u,0.0,NR,2222.0,0.0,6500.0,1.04,35.0,6734.84,0.0,6734.84,2357.2,2222.0,NMR,NMR,
870323,1.74,u,0.0,NR,18531.0,0.0,46800.0,1.04,35.0,48490.87,0.0,48490.87,16971.8,18531.0,NMR,NMR,
870324,0.53,u,0.0,NR,27870.0,0.0,42600.0,1.04,35.0,44139.12,0.0,44139.12,15448.69,27870.0,NMR,NMR,
870332,0.27,u,0.0,NR,5540.0,0.0,7000.0,1.04,35.0,7252.91,0.0,7252.91,2538.52,5540.0,NMR,NMR,
870333,0.04,u,0.0,NR,1492.0,0.0,2000.0,1.04,35.0,2072.26,0.0,2072.26,725.29,1492.0,NMR,NMR,
870431,0.75,u,0.0,NR,6136.0,0.0,11000.0,1.03,35.0,11331.83,0.0,11331.83,3966.14,6136.0,NMR,NMR,
870829,6.22,kg,39.0,kg,6.22,39.0,72.12,1.01,13.27,72.67,300.0,-227.33,-30.17,-32.78,4.13,6.27,0.66
870840,490.0,kg,104978.0,kg,490.0,104978.0,11700.0,1.01,11.8,11789.7,1748796.0,-1737006.3,-204966.74,-104488.0,148.33,214.24,0.69
870870,149904.0,kg,12.0,kg,149904.0,12.0,319412.1,1.01,14.6,321860.93,45.0,321815.93,46985.13,149892.0,NMR,NMR,1.75
870880,170.68,kg,576.0,kg,170.68,576.0,2632.28,1.01,18.0,2652.46,2607.0,45.46,8.18,-405.32,0.98,3.37,0.29
870891,146555.0,kg,146555.0,kg,146555.0,146555.0,1466293.01,1.01,18.0,1477534.59,1466293.0,11241.59,2023.49,0.0,0.99,1.0,0.99
870899,292.21,kg,909.07,kg,292.21,909.07,2214.93,1.01,9.0,2231.91,2684.0,-452.09,-40.69,-616.86,1.2,3.11,0.39
871140,0.18,u,0.0,NR,239.0,0.0,1200.0,1.03,16.0,1235.6,0.0,1235.6,197.7,239.0,NMR,NMR,
871200,0.0,NR,0.0,NR,112.0,0.0,1291.39,1.02,23.75,1321.52,0.0,1321.52,313.86,112.0,NMR,NMR,
871500,88.0,kg,0.0,NR,88.0,0.0,115.29,1.04,16.0,119.46,0.0,119.46,19.11,88.0,NMR,NMR,
871680,0.0,NR,0.0,NR,88.8,0.0,487.5,1.02,35.0,496.28,0.0,496.28,173.7,88.8,NMR,NMR,
871690,61278.1,kg,0.0,NR,61278.1,0.0,177660.0,1.02,16.0,180857.88,0.0,180857.88,28937.26,61278.1,NMR,NMR,
880220,1.52,u,0.0,NR,390.0,0.0,235867.0,1.04,0.0,244388.8,0.0,244388.8,0.0,390.0,NMR,NMR,
880230,0.06,u,0.0,NR,4600.0,0.0,289400.0,1.04,0.0,299855.93,0.0,299855.93,0.0,4600.0,NMR,NMR,
900311,129.28,u,0.0,NR,196.0,0.0,4050.0,1.0,14.4,4058.1,0.0,4058.1,584.37,196.0,NMR,NMR,
900319,27.42,u,0.0,NR,67.0,0.0,1108.8,1.0,14.4,1111.02,0.0,1111.02,159.99,67.0,NMR,NMR,
900410,46.8,u,0.0,NR,14.76,0.0,2246.82,1.01,16.0,2262.55,0.0,2262.55,362.01,14.76,NMR,NMR,
900490,0.0,NR,0.0,NR,1.8,0.0,1250.0,1.01,14.4,1258.75,0.0,1258.75,181.26,1.8,NMR,NMR,
900691,460.86,kg,0.0,NR,460.86,0.0,5385.0,1.04,12.8,5579.56,0.0,5579.56,714.18,460.86,NMR,NMR,
901110,0.0,NR,0.0,NR,9.2,0.0,1764.0,1.04,11.2,1827.73,0.0,1827.73,204.71,9.2,NMR,NMR,
901780,0.0,NR,0.0,NR,0.2,0.0,1.2,1.04,14.4,1.24,0.0,1.24,0.18,0.2,NMR,NMR,
901831,0.0,NR,484527800.0,u,3525391.0,3580311.0,14913986.77,1.01,12.8,15015899.01,15406492.0,-390592.99,-49995.9,-54920.0,1.03,1.02,1.01
901832,31964.0,kg,35103.0,kg,31964.0,35103.0,412175.2,1.01,5.12,414991.73,458135.0,-43143.27,-2208.94,-3139.0,1.1,1.1,1.01
901839,0.0,NR,0.0,NR,2795.53,0.0,135017.0,1.01,8.53,135939.62,0.0,135939.62,11600.18,2795.53,NMR,NMR,
901890,0.0,NR,0.0,NR,448.15,0.0,10607.56,1.01,6.93,10680.04,0.0,10680.04,740.48,448.15,NMR,NMR,
901910,48.14,kg,0.0,NR,48.14,0.0,1776.83,1.06,11.2,1884.03,0.0,1884.03,211.01,48.14,NMR,NMR,
902110,437.18,kg,0.0,NR,437.18,0.0,59.64,1.01,6.6,60.36,0.0,60.36,3.98,437.18,NMR,NMR,
902511,0.0,NR,0.0,NR,3.0,0.0,10.0,1.04,16.2,10.36,0.0,10.36,1.68,3.0,NMR,NMR,
902590,0.98,kg,0.0,NR,0.98,0.0,681.86,1.04,16.0,706.5,0.0,706.5,113.04,0.98,NMR,NMR,
902620,0.0,NR,1.0,u,5.64,1.0,4441.01,1.01,18.0,4503.18,5.0,4498.18,809.67,4.64,NMR,0.18,0.01
902750,0.0,NR,0.0,NR,69.0,0.0,21000.0,1.04,9.33,21758.72,0.0,21758.72,2030.81,69.0,NMR,NMR,
903089,0.0,NR,0.0,NR,5.0,0.0,10.0,1.04,5.76,10.36,0.0,10.36,0.6,5.0,NMR,NMR,
903090,1.2,kg,0.0,NR,1.2,0.0,1205.0,1.04,8.8,1248.98,0.0,1248.98,109.91,1.2,NMR,NMR,
903120,0.0,NR,1065.0,u,968.1,1231.0,187369.85,1.01,11.2,189930.57,213045.0,-23114.43,-2588.82,-262.9,1.12,1.27,0.88
903149,0.0,NR,0.0,NR,234.0,0.0,826.2,1.01,3.73,837.49,0.0,837.49,31.27,234.0,NMR,NMR,
903180,0.0,NR,9.0,u,1382.13,4.0,148167.94,1.01,8.89,150192.9,941.0,149251.9,13266.84,1378.13,0.01,NMR,2.16
903190,3889.84,kg,3948.0,kg,3889.84,3948.0,773870.9,1.01,11.2,784447.14,773698.0,10749.14,1203.9,-58.16,0.99,1.01,0.97
903220,0.0,NR,0.0,NR,5.89,0.0,90.66,1.01,18.0,91.43,0.0,91.43,16.46,5.89,NMR,NMR,
903289,0.0,NR,0.0,NR,1645.31,0.0,19813.52,1.01,13.92,19981.93,0.0,19981.93,2781.49,1645.31,NMR,NMR,
910211,0.0,NR,0.0,NR,6.22,0.0,2230.0,1.04,16.0,2310.57,0.0,2310.57,369.69,6.22,NMR,NMR,
910212,0.0,NR,0.0,NR,36.07,0.0,1883.08,1.04,16.0,1951.12,0.0,1951.12,312.18,36.07,NMR,NMR,
910219,0.0,NR,0.0,NR,33.97,0.0,2121.1,1.04,16.0,2197.73,0.0,2197.73,351.64,33.97,NMR,NMR,
910221,2.06,u,0.0,NR,6.34,0.0,4259.8,1.04,16.0,4413.71,0.0,4413.71,706.19,6.34,NMR,NMR,
910690,0.0,NR,0.0,NR,5.0,0.0,36.12,1.04,16.0,37.43,0.0,37.43,5.99,5.0,NMR,NMR,
920710,22.01,u,28.0,u,808.0,808.0,13200.0,1.01,8.0,13393.6,13200.0,193.6,15.49,0.0,0.99,1.0,0.99
920810,35.12,u,0.0,NR,5.0,0.0,225.96,1.04,14.4,234.12,0.0,234.12,33.71,5.0,NMR,NMR,
920991,591.5,kg,400.0,kg,591.5,400.0,9351.7,1.05,0.0,9823.96,352.0,9471.96,0.0,191.5,0.04,0.68,0.05
920994,43105.0,kg,43105.0,kg,43105.0,43105.0,65908.0,1.05,12.8,69236.35,65908.0,3328.35,426.03,0.0,0.95,1.0,0.95
940169,0.0,NR,7392.0,u,25413.7,25413.0,46865.28,1.0,14.4,47083.98,46866.0,217.98,31.39,0.7,1.0,1.0,1.0
940179,18993.47,u,67222.0,u,233005.0,233317.0,464584.18,1.0,14.4,466752.24,465141.0,1611.24,232.02,-312.0,1.0,1.0,1.0
940180,51821.13,u,307161.0,u,893892.0,890219.0,1388183.82,1.0,18.0,1394662.01,1380709.0,13953.01,2511.54,3673.0,0.99,1.0,0.99
940320,22074.5,kg,1120.0,kg,22074.5,1120.0,35462.11,1.07,14.4,37855.8,11.0,37844.8,5449.65,20954.5,NMR,0.05,0.01
940340,34.74,u,1.0,u,1570.0,1570.0,2120.0,1.07,14.4,2263.1,2120.0,143.1,20.61,0.0,0.94,1.0,0.94
940360,0.0,NR,3.0,u,1730.0,1550.0,1774.0,1.07,14.4,1893.74,1030.0,863.74,124.38,180.0,0.54,0.9,0.61
940370,97956.0,kg,97452.0,kg,97956.0,97452.0,134339.1,1.07,14.4,143406.99,134316.0,9090.99,1309.1,504.0,0.94,0.99,0.94
940429,0.48,u,0.0,NR,10.0,0.0,59.94,1.01,14.4,60.63,0.0,60.63,8.73,10.0,NMR,NMR,
940490,312354.0,kg,322696.0,kg,312354.0,322696.0,1304854.01,1.01,14.4,1319859.83,1350337.0,-30477.17,-4388.71,-10342.0,1.02,1.03,0.99
940550,1193.0,kg,0.0,NR,1193.0,0.0,754.08,1.01,14.4,759.23,0.0,759.23,109.33,1193.0,NMR,NMR,
950440,16.5,U (jeu/pack),0.0,NR,4.8,0.0,100.32,1.0,16.0,100.82,0.0,100.82,16.13,4.8,NMR,NMR,
950510,3048.68,kg,0.0,NR,3048.68,0.0,5653.9,1.04,16.0,5858.17,0.0,5858.17,937.31,3048.68,NMR,NMR,
950651,216.14,u,0.0,NR,94.68,0.0,7230.72,1.03,16.0,7478.97,0.0,7478.97,1196.64,94.68,NMR,NMR,
950659,3494.66,u,0.0,NR,177.82,0.0,23789.4,1.03,16.0,24606.17,0.0,24606.17,3936.99,177.82,NMR,NMR,
950661,1792.97,u,0.0,NR,53.36,0.0,1332.38,1.03,16.0,1378.13,0.0,1378.13,220.5,53.36,NMR,NMR,
950662,74.52,u,0.0,NR,8.2,0.0,163.7,1.03,16.0,169.32,0.0,169.32,27.09,8.2,NMR,NMR,
950669,0.0,NR,0.0,NR,50.0,0.0,384.0,1.03,16.0,397.18,0.0,397.18,63.55,50.0,NMR,NMR,
950691,26120.3,kg,19621.0,kg,26120.3,19621.0,182098.35,1.03,16.0,188350.39,173785.0,14565.39,2330.46,6499.3,0.92,0.75,1.23
950699,0.0,NR,11168.0,u,1175.4,919.0,38959.16,1.03,16.0,40296.76,38758.0,1538.76,246.2,256.4,0.96,0.78,1.23
950710,0.0,NR,113804.0,u,45017.1,25120.0,1193548.74,1.01,16.0,1200113.26,795478.0,404635.26,64741.64,19897.1,0.66,0.56,1.19
950720,63478.6,kg,0.0,NR,63478.6,0.0,960926.82,1.01,16.0,966211.92,0.0,966211.92,154593.91,63478.6,NMR,NMR,
950730,0.0,NR,0.0,NR,79110.0,0.0,1693923.37,1.01,16.0,1703239.95,0.0,1703239.95,272518.39,79110.0,NMR,NMR,
950790,0.0,NR,0.0,NR,22752.6,0.0,1068742.45,1.01,16.0,1074620.53,0.0,1074620.53,171939.29,22752.6,NMR,NMR,
960330,0.0,NR,0.0,NR,494.75,0.0,5576.46,1.02,14.4,5676.84,0.0,5676.84,817.46,494.75,NMR,NMR,
960350,0.0,NR,2.0,u,103.34,100.0,3545.82,1.02,18.0,3609.64,2750.0,859.64,154.74,3.34,0.76,0.97,0.79
960390,0.0,NR,227239.0,u,222789.0,222937.0,952647.29,1.02,14.4,969794.94,954776.0,15018.94,2162.73,-148.0,0.98,1.0,0.98
960711,107937.0,kg,95679.0,kg,107937.0,95679.0,337967.25,1.02,14.4,343487.38,302419.0,41068.38,5913.85,12258.0,0.88,0.89,0.99
960719,588211.0,kg,553771.0,kg,588211.0,553771.0,1491543.08,1.02,14.4,1515904.95,1408886.0,107018.95,15410.73,34440.0,0.93,0.94,0.99
960720,240878.0,kg,222643.0,kg,240878.0,222643.0,629399.25,1.02,14.4,639679.44,588970.0,50709.44,7302.16,18235.0,0.92,0.92,1.0
960810,0.0,NR,0.0,NR,26.38,0.0,1690.09,1.14,14.4,1933.46,0.0,1933.46,278.42,26.38,NMR,NMR,
960820,13408.33,u,0.0,NR,85.88,0.0,4763.76,1.14,14.4,5449.74,0.0,5449.74,784.76,85.88,NMR,NMR,
960840,0.0,NR,0.0,NR,2.88,0.0,248.16,1.14,14.4,283.9,0.0,283.9,40.88,2.88,NMR,NMR,
960899,5.0,kg,0.0,NR,5.0,0.0,678.6,1.14,14.4,776.32,0.0,776.32,111.79,5.0,NMR,NMR,
960910,157.92,kg,0.0,NR,157.92,0.0,928.74,1.04,14.4,962.3,0.0,962.3,138.57,157.92,NMR,NMR,
960990,16509.7,kg,16508.0,kg,16509.7,16508.0,51854.0,1.04,14.4,53727.47,51695.0,2032.47,292.68,1.7,0.96,1.0,0.96
961210,0.0,NR,0.0,NR,55.68,0.0,2525.94,1.04,14.4,2617.2,0.0,2617.2,376.88,55.68,NMR,NMR,
961511,2.0,kg,0.0,NR,2.0,0.0,90.82,1.04,14.4,94.1,0.0,94.1,13.55,2.0,NMR,NMR,
961519,1120.88,kg,0.0,NR,1120.88,0.0,6216.9,1.04,14.4,6441.51,0.0,6441.51,927.58,1120.88,NMR,NMR,
961590,55.0,kg,0.0,NR,55.0,0.0,6644.71,1.04,14.4,6884.78,0.0,6884.78,991.41,55.0,NMR,NMR,
961620,102.34,kg,0.0,NR,102.34,0.0,740.92,1.04,14.4,767.69,0.0,767.69,110.55,102.34,NMR,NMR,
961700,1180.48,kg,0.0,NR,1180.48,0.0,32323.09,1.04,13.6,33490.91,0.0,33490.91,4554.76,1180.48,NMR,NMR,
290529,0.0,NR,6.0,kg,0.0,6.0,0.0,1.02,0.0,0.0,1800.0,-1800.0,-0.0,-6.0,NXR,NXR,
291219,0.0,NR,1.0,kg,0.0,1.0,0.0,1.04,1.07,0.0,2000.0,-2000.0,-21.33,-1.0,NXR,NXR,
291539,0.0,NR,311.0,kg,0.0,311.0,0.0,1.05,2.74,0.0,13599.0,-13599.0,-373.0,-311.0,NXR,NXR,
390421,0.0,NR,5000.0,kg,0.0,5000.0,0.0,1.01,11.2,0.0,8900.0,-8900.0,-996.8,-5000.0,NXR,NXR,
400599,0.0,NR,170.0,kg,0.0,170.0,0.0,1.24,11.2,0.0,500.0,-500.0,-56.0,-170.0,NXR,NXR,
400911,0.0,NR,7.86,kg,0.0,7.86,0.0,1.0,11.2,0.0,161.0,-161.0,-18.03,-7.86,NXR,NXR,
400912,0.0,NR,1.0,kg,0.0,1.0,0.0,1.0,11.2,0.0,909.0,-909.0,-101.81,-1.0,NXR,NXR,
400942,0.0,NR,5.63,kg,0.0,5.63,0.0,1.0,11.2,0.0,167.0,-167.0,-18.7,-5.63,NXR,NXR,
560890,0.0,NR,514.0,kg,0.0,514.0,0.0,1.02,14.4,0.0,2328.0,-2328.0,-335.23,-514.0,NXR,NXR,
591190,0.0,NR,5.0,kg,0.0,5.0,0.0,1.06,26.0,0.0,86.0,-86.0,-22.36,-5.0,NXR,NXR,
680421,0.0,NR,368.0,kg,0.0,368.0,0.0,1.04,4.8,0.0,1350.0,-1350.0,-64.8,-368.0,NXR,NXR,
732090,0.0,NR,0.6,kg,0.0,0.6,0.0,1.02,16.0,0.0,8.0,-8.0,-1.28,-0.6,NXR,NXR,
760429,0.0,NR,6.0,kg,0.0,6.0,0.0,1.06,6.4,0.0,156.0,-156.0,-9.98,-6.0,NXR,NXR,
761090,0.0,NR,123.0,kg,0.0,123.0,0.0,1.12,12.8,0.0,3173.0,-3173.0,-406.14,-123.0,NXR,NXR,
761290,0.0,NR,2.0,kg,0.0,2.0,0.0,1.08,9.6,0.0,7.0,-7.0,-0.67,-2.0,NXR,NXR,
847730,0.0,NR,1.0,u,0.0,2897.0,0.0,1.02,11.2,0.0,9500.0,-9500.0,-1064.0,-2897.0,NXR,NXR,
848320,0.0,NR,4.0,u,0.0,5.0,0.0,1.0,16.0,0.0,1200.0,-1200.0,-192.0,-5.0,NXR,NXR,
850110,0.0,NR,65.0,u,0.0,144.0,0.0,1.01,13.68,0.0,14040.0,-14040.0,-1920.67,-144.0,NXR,NXR,
851230,0.0,NR,2.0,u,0.0,0.19,0.0,1.03,18.0,0.0,4.0,-4.0,-0.72,-0.19,NXR,NXR,
870810,0.0,NR,15.0,kg,0.0,15.0,0.0,1.01,18.0,0.0,10.0,-10.0,-1.8,-15.0,NXR,NXR,
870894,0.0,NR,2.0,kg,0.0,2.0,0.0,1.01,15.09,0.0,25.0,-25.0,-3.77,-2.0,NXR,NXR,
902610,0.0,NR,102.0,u,0.0,8.48,0.0,1.01,11.8,0.0,1278.0,-1278.0,-150.8,-8.48,NXR,NXR,
902910,0.0,NR,2.0,u,0.0,7.2,0.0,1.02,14.6,0.0,1063.0,-1063.0,-155.2,-7.2,NXR,NXR,
